date,total_confirm,total_dead,total_heal,total_severe,total_suspect,today_confirm,today_dead,today_heal,today_severe,today_storeConfirm,today_suspect,name
2020-01-20,270,6,25,0,0,270,6,25,,,0.0,湖北
2020-01-21,375,9,25,0,0,105,3,0,,,,湖北
2020-01-22,444,17,28,0,0,69,8,3,,,0.0,湖北
2020-01-23,549,24,28,0,710,105,7,0,,,,湖北
2020-01-24,729,39,31,0,1405,180,15,3,,,,湖北
2020-01-25,1052,52,32,0,1887,323,13,1,,,,湖北
2020-01-26,1423,76,42,0,4472,371,24,10,,,,湖北
2020-01-27,2714,100,44,0,5324,1291,24,2,,,,湖北
2020-01-28,3554,125,47,0,6940,840,25,3,,,,湖北
2020-01-29,4586,162,90,0,9033,1032,37,43,,,,湖北
2020-01-30,5806,204,136,0,11272,1220,42,46,,,,湖北
2020-01-31,7153,249,166,0,13577,1347,45,30,,,,湖北
2020-02-01,9074,294,215,0,14872,1921,45,49,,,,湖北
2020-02-02,11177,350,295,0,16898,2103,56,80,,,,湖北
2020-02-03,13522,414,396,0,18549,2345,64,101,,,,湖北
2020-02-04,16678,479,520,0,18447,3156,65,124,,,,湖北
2020-02-05,19665,549,633,0,0,2987,70,113,,,0.0,湖北
2020-02-06,22112,618,817,0,21261,2447,69,184,,,0.0,湖北
2020-02-07,24953,699,1115,0,0,2841,81,298,,,0.0,湖北
2020-02-08,27100,780,1439,0,28942,2147,81,324,0.0,,0.0,湖北
2020-02-09,29631,871,1795,0,0,2531,91,356,,,0.0,湖北
2020-02-10,31728,974,2222,0,0,2097,103,427,,,0.0,湖北
2020-02-11,33366,1068,2639,0,0,1638,94,417,,,0.0,湖北
2020-02-12,47163,1202,3172,0,0,13797,134,533,,,0.0,湖北
2020-02-13,51986,1318,3862,0,0,4823,116,690,,,0.0,湖北
2020-02-14,54401,1457,4774,0,0,2415,139,912,,,0.0,湖北
2020-02-15,56249,1596,5623,0,0,1848,139,849,,,0.0,湖北
2020-02-16,58182,1696,6639,0,0,1933,100,1016,,,0.0,湖北
2020-02-17,59989,1789,7862,0,0,1807,93,1223,,,0.0,湖北
2020-02-18,61682,1921,9128,0,0,1693,132,1266,,,,湖北
2020-02-19,62457,2029,10337,0,0,775,108,1209,,,,湖北
2020-02-20,63088,2144,11790,0,0,631,115,1453,,,,湖北
2020-02-21,63454,2250,13557,0,0,366,106,1767,,,,湖北
2020-02-22,63889,2346,15299,0,0,435,96,1742,,,,湖北
2020-02-23,64287,2495,16738,0,0,398,149,1439,,,,湖北
2020-02-24,64786,2563,18854,0,0,499,68,2116,,,,湖北
2020-02-25,65187,2615,20912,0,0,401,52,2058,,,,湖北
2020-02-26,65596,2641,23200,0,0,409,26,2288,,,,湖北
2020-02-27,65914,2682,26403,0,0,318,41,3203,,,,湖北
2020-02-28,66337,2727,28895,0,0,423,45,2492,,,,湖北
2020-02-29,66907,2761,31187,0,0,570,34,2292,,,,湖北
2020-03-01,67103,2803,33757,0,0,196,42,2570,,,,湖北
2020-03-02,67217,2834,36167,0,0,114,31,2410,,,,湖北
2020-03-03,67332,2871,38556,0,0,115,37,2389,,,,湖北
2020-03-04,67466,2902,40479,0,0,134,31,1923,,,,湖北
2020-03-05,67592,2931,41966,0,0,126,29,1487,,,,湖北
2020-03-06,67666,2959,43468,0,0,74,28,1502,,,,湖北
2020-03-07,67707,2986,45011,0,0,41,27,1543,,,,湖北
2020-03-08,67743,3007,46433,0,0,36,21,1422,,,,湖北
2020-03-09,67760,3024,47585,0,0,17,17,1152,,,,湖北
2020-03-10,67773,3046,49056,0,0,13,22,1471,,,,湖北
2020-03-11,67781,3056,50298,0,0,8,10,1242,,,,湖北
2020-03-12,67786,3062,51553,0,0,5,6,1255,,,,湖北
2020-03-13,67790,3075,52943,0,0,4,13,1390,,,,湖北
2020-03-14,67794,3085,54278,0,0,4,10,1335,,,,湖北
2020-03-15,67798,3099,55094,0,0,4,14,816,,,,湖北
2020-03-16,67799,3111,55987,0,0,1,12,893,,,,湖北
2020-03-17,67800,3122,56883,0,0,1,11,896,,,,湖北
2020-03-18,67800,3130,57678,0,0,0,8,795,,,,湖北
2020-03-19,67800,3132,58381,0,0,0,2,703,0.0,,0.0,湖北
2020-03-20,67800,3139,58942,0,0,0,7,561,,,,湖北
2020-03-21,67800,3144,59432,0,0,0,5,490,,,,湖北
2020-03-22,67800,3153,59879,0,0,0,9,447,,,,湖北
2020-03-23,67801,3160,60323,0,0,1,7,444,,,,湖北
2020-03-24,67801,3163,60810,0,0,0,3,487,,,,湖北
2020-03-25,67801,3169,61201,0,0,0,6,391,,,,湖北
2020-01-23,53,0,0,0,17,53,0,0,,,,广东
2020-01-24,78,0,2,0,18,25,0,2,,,,广东
2020-01-25,98,0,2,0,40,20,0,0,,,,广东
2020-01-26,146,0,2,0,54,48,0,0,,,,广东
2020-01-27,188,0,2,0,73,42,0,0,,,,广东
2020-01-28,241,0,5,0,122,53,0,3,,,,广东
2020-01-29,311,0,8,0,137,70,0,3,,,,广东
2020-01-30,393,0,11,0,151,82,0,3,,,,广东
2020-01-31,520,0,11,0,126,127,0,0,,,,广东
2020-02-01,604,0,12,0,157,84,0,1,,,,广东
2020-02-02,683,0,15,0,205,79,0,3,,,,广东
2020-02-03,797,0,20,0,180,114,0,5,,,,广东
2020-02-04,870,0,32,0,136,73,0,12,,,,广东
2020-02-05,944,0,49,0,0,74,0,17,,,0.0,广东
2020-02-06,1018,1,68,0,170,74,1,19,,,71.0,广东
2020-02-07,1075,1,97,0,170,57,0,29,,,0.0,广东
2020-02-08,1120,1,125,0,0,45,0,28,,,,广东
2020-02-09,1151,1,143,0,0,31,0,18,,,,广东
2020-02-10,1177,1,181,0,0,26,0,38,,,0.0,广东
2020-02-11,1219,1,241,0,0,42,0,60,,,,广东
2020-02-12,1241,2,284,0,0,22,1,43,,,0.0,广东
2020-02-13,1261,2,332,0,0,20,0,48,,,,广东
2020-02-14,1294,2,386,0,0,33,0,54,,,,广东
2020-02-15,1316,2,436,0,0,22,0,50,,,,广东
2020-02-16,1322,4,473,0,0,6,2,37,,,,广东
2020-02-17,1328,4,530,0,0,6,0,57,,,,广东
2020-02-18,1331,5,571,0,0,3,1,41,,,,广东
2020-02-19,1332,5,619,0,0,1,0,48,,,,广东
2020-02-20,1333,5,664,0,0,1,0,45,,,,广东
2020-02-21,1339,5,720,0,0,6,0,56,,,,广东
2020-02-22,1342,6,740,0,0,3,1,20,,,,广东
2020-02-23,1345,6,772,0,0,3,0,32,,,,广东
2020-02-24,1347,7,805,0,0,2,1,33,,,0.0,广东
2020-02-25,1347,7,841,0,0,0,0,36,,,,广东
2020-02-26,1347,7,873,0,0,0,0,32,,,,广东
2020-02-27,1348,7,919,0,0,1,0,46,,,,广东
2020-02-28,1349,7,972,0,0,1,0,53,,,,广东
2020-02-29,1349,7,1009,0,0,0,0,37,,,,广东
2020-03-01,1350,7,1034,0,0,1,0,25,,,,广东
2020-03-02,1350,7,1081,0,0,0,0,47,,,0.0,广东
2020-03-03,1350,7,1129,0,0,0,0,48,,,,广东
2020-03-04,1350,7,1159,0,0,0,0,30,,,,广东
2020-03-05,1351,7,1209,0,0,1,0,50,,,,广东
2020-03-06,1352,7,1233,0,0,1,0,24,,,,广东
2020-03-07,1352,7,1250,0,0,0,0,17,,,,广东
2020-03-08,1352,8,1260,0,0,0,1,10,,,,广东
2020-03-09,1353,8,1270,0,0,1,0,10,,,,广东
2020-03-10,1353,8,1282,0,0,0,0,12,,,,广东
2020-03-11,1356,8,1288,0,0,3,0,6,,,,广东
2020-03-12,1356,8,1296,0,0,0,0,8,,,,广东
2020-03-13,1356,8,1299,0,0,0,0,3,,,,广东
2020-03-14,1357,8,1303,0,0,1,0,4,,,,广东
2020-03-15,1361,8,1306,0,0,4,0,3,,,,广东
2020-03-16,1364,8,1307,0,0,3,0,1,,,,广东
2020-03-17,1369,8,1312,0,0,5,0,5,,,,广东
2020-03-18,1378,8,1318,0,0,9,0,6,0.0,,0.0,广东
2020-03-19,1392,8,1322,0,0,14,0,4,,,,广东
2020-03-20,1399,8,1325,0,0,7,0,3,,,,广东
2020-03-21,1407,8,1329,0,0,8,0,4,,,,广东
2020-03-22,1413,8,1332,0,0,6,0,3,,,,广东
2020-03-23,1428,8,1333,0,0,15,0,1,,,,广东
2020-03-24,1433,8,1334,0,0,5,0,1,,,,广东
2020-03-25,1444,8,1336,0,0,11,0,2,,,,广东
2020-01-21,1,0,0,0,0,1,0,0,,,,河南
2020-01-22,5,0,0,0,0,4,0,0,,,,河南
2020-01-23,5,0,0,0,0,0,0,0,,,0.0,河南
2020-01-24,5,0,0,0,0,0,0,0,,,0.0,河南
2020-01-25,83,1,0,0,165,78,1,0,,,,河南
2020-01-26,128,1,0,0,212,45,0,0,,,,河南
2020-01-27,168,1,0,0,266,40,0,0,,,,河南
2020-01-28,206,2,1,0,411,38,1,1,,,,河南
2020-01-29,278,2,2,0,584,72,0,1,,,,河南
2020-01-30,352,2,3,0,735,74,0,1,,,,河南
2020-01-31,422,2,3,0,751,70,0,0,,,,河南
2020-02-01,493,2,8,0,754,71,0,5,,,,河南
2020-02-02,566,2,14,0,760,73,0,6,,,,河南
2020-02-03,675,2,20,0,678,109,0,6,,,,河南
2020-02-04,764,2,41,0,693,89,0,21,,,,河南
2020-02-05,851,3,54,0,0,87,1,13,,,0.0,河南
2020-02-06,914,3,68,0,654,63,0,14,,,307.0,河南
2020-02-07,981,4,97,0,654,67,1,29,,,0.0,河南
2020-02-08,1033,6,131,0,0,52,2,34,,,,河南
2020-02-09,1073,6,174,0,0,40,0,43,,,0.0,河南
2020-02-10,1105,7,198,0,0,32,1,24,,,,河南
2020-02-11,1135,8,231,0,0,30,1,33,,,,河南
2020-02-12,1169,10,258,0,0,34,2,27,,,,河南
2020-02-13,1184,11,311,0,0,15,1,53,,,,河南
2020-02-14,1212,13,356,0,0,28,2,45,,,,河南
2020-02-15,1231,13,404,0,0,19,0,48,,,,河南
2020-02-16,1246,16,438,0,0,15,3,34,,,0.0,河南
2020-02-17,1257,19,505,0,0,11,3,67,,,0.0,河南
2020-02-18,1261,19,552,0,0,4,0,47,,,,河南
2020-02-19,1265,19,614,0,0,4,0,62,,,,河南
2020-02-20,1267,19,717,0,0,2,0,103,,,,河南
2020-02-21,1270,19,802,0,0,3,0,85,,,,河南
2020-02-22,1271,19,861,0,0,1,0,59,,,,河南
2020-02-23,1271,19,930,0,0,0,0,69,,,,河南
2020-02-24,1271,19,989,0,0,0,0,59,,,,河南
2020-02-25,1271,19,1023,0,0,0,0,34,,,,河南
2020-02-26,1272,20,1062,0,0,1,1,39,,,,河南
2020-02-27,1272,20,1103,0,0,0,0,41,,,,河南
2020-02-28,1272,21,1161,0,0,0,1,58,,,,河南
2020-02-29,1272,22,1185,0,0,0,1,24,,,,河南
2020-03-01,1272,22,1205,0,0,0,0,20,,,,河南
2020-03-02,1272,22,1223,0,0,0,0,18,,,,河南
2020-03-03,1272,22,1234,0,0,0,0,11,,,,河南
2020-03-04,1272,22,1239,0,0,0,0,5,,,,河南
2020-03-05,1272,22,1241,0,0,0,0,2,,,,河南
2020-03-06,1272,22,1243,0,0,0,0,2,,,,河南
2020-03-07,1272,22,1246,0,0,0,0,3,,,,河南
2020-03-08,1272,22,1247,0,0,0,0,1,,,,河南
2020-03-09,1272,22,1247,0,0,0,0,0,,,,河南
2020-03-10,1272,22,1249,0,0,0,0,2,,,,河南
2020-03-11,1273,22,1249,0,0,1,0,0,,,,河南
2020-03-12,1273,22,1249,0,0,0,0,0,,,,河南
2020-03-13,1273,22,1249,0,0,0,0,0,,,,河南
2020-03-14,1273,22,1250,0,0,0,0,1,,,,河南
2020-03-15,1273,22,1250,0,0,0,0,0,,,,河南
2020-03-16,1273,22,1250,0,0,0,0,0,,,,河南
2020-03-17,1273,22,1250,0,0,0,0,0,,,,河南
2020-03-18,1273,22,1250,0,0,0,0,0,,,,河南
2020-03-19,1273,22,1250,0,0,0,0,0,,,,河南
2020-03-20,1273,22,1250,0,0,0,0,0,,,,河南
2020-03-21,1273,22,1250,0,0,0,0,0,,,,河南
2020-03-22,1274,22,1250,0,0,1,0,0,,,,河南
2020-03-23,1274,22,1250,0,0,0,0,0,,,,河南
2020-03-24,1274,22,1250,0,0,0,0,0,,,,河南
2020-03-25,1275,22,1250,0,0,1,0,0,,,,河南
2020-01-24,62,0,1,0,27,62,0,1,,,,浙江
2020-01-25,104,0,1,0,20,42,0,0,,,,浙江
2020-01-26,128,0,1,0,63,24,0,0,,,,浙江
2020-01-27,173,0,1,0,115,45,0,0,,,,浙江
2020-01-28,296,0,3,0,101,123,0,2,,,,浙江
2020-01-29,428,0,4,0,117,132,0,1,,,,浙江
2020-01-30,537,0,10,0,154,109,0,6,,,,浙江
2020-01-31,599,0,15,0,202,62,0,5,,,,浙江
2020-02-01,661,0,23,0,207,62,0,8,,,,浙江
2020-02-02,724,0,36,0,201,63,0,13,,,,浙江
2020-02-03,829,0,48,0,258,105,0,12,,,,浙江
2020-02-04,895,0,63,0,299,66,0,15,,,,浙江
2020-02-05,954,0,81,0,0,59,0,18,,,0.0,浙江
2020-02-06,1006,0,98,0,422,52,0,17,,,236.0,浙江
2020-02-07,1048,0,127,0,0,42,0,29,,,0.0,浙江
2020-02-08,1063,0,173,0,0,15,0,46,,,,浙江
2020-02-09,1092,0,200,0,0,29,0,27,,,,浙江
2020-02-10,1117,0,251,0,0,25,0,51,,,,浙江
2020-02-11,1131,0,279,0,0,14,0,28,,,,浙江
2020-02-12,1145,0,327,0,0,14,0,48,,,,浙江
2020-02-13,1155,0,367,0,0,10,0,40,,,,浙江
2020-02-14,1162,0,409,0,0,7,0,42,,,,浙江
2020-02-15,1167,0,437,0,0,5,0,28,,,,浙江
2020-02-16,1171,0,470,0,0,4,0,33,,,,浙江
2020-02-17,1172,0,514,0,0,1,0,44,,,,浙江
2020-02-18,1173,0,544,0,0,1,0,30,,,,浙江
2020-02-19,1175,0,609,0,0,2,0,65,,,,浙江
2020-02-20,1203,1,647,0,0,28,1,38,,,,浙江
2020-02-21,1205,1,694,0,0,2,0,47,,,,浙江
2020-02-22,1205,1,729,0,0,0,0,35,,,,浙江
2020-02-23,1205,1,765,0,0,0,0,36,,,0.0,浙江
2020-02-24,1205,1,794,0,0,0,0,29,,,,浙江
2020-02-25,1205,1,814,0,0,0,0,20,,,,浙江
2020-02-26,1205,1,881,0,0,0,0,67,,,,浙江
2020-02-27,1205,1,943,0,0,0,0,62,,,,浙江
2020-02-28,1205,1,987,0,0,0,0,44,,,,浙江
2020-02-29,1205,1,1027,0,0,0,0,40,,,,浙江
2020-03-01,1206,1,1050,0,0,1,0,23,,,,浙江
2020-03-02,1213,1,1086,0,0,7,0,36,,,,浙江
2020-03-03,1213,1,1107,0,0,0,0,21,,,,浙江
2020-03-04,1215,1,1130,0,0,2,0,23,,,,浙江
2020-03-05,1215,1,1153,0,0,0,0,23,,,,浙江
2020-03-06,1215,1,1161,0,0,0,0,8,,,,浙江
2020-03-07,1215,1,1169,0,0,0,0,8,,,,浙江
2020-03-08,1215,1,1182,0,0,0,0,13,,,,浙江
2020-03-09,1215,1,1190,0,0,0,0,8,,,,浙江
2020-03-10,1215,1,1205,0,0,0,0,15,,,,浙江
2020-03-11,1227,1,1209,0,0,12,0,4,,,,浙江
2020-03-12,1227,1,1209,0,0,0,0,0,,,,浙江
2020-03-13,1227,1,1211,0,0,0,0,2,,,,浙江
2020-03-14,1231,1,1211,0,0,4,0,0,,,,浙江
2020-03-15,1231,1,1213,0,0,0,0,2,,,,浙江
2020-03-16,1232,1,1216,0,0,1,0,3,0.0,,0.0,浙江
2020-03-17,1232,1,1216,0,0,0,0,0,,,,浙江
2020-03-18,1233,1,1217,0,0,1,0,1,0.0,,0.0,浙江
2020-03-19,1234,1,1219,0,0,1,0,2,,,,浙江
2020-03-20,1236,1,1219,0,0,2,0,0,,,,浙江
2020-03-21,1237,1,1219,0,0,1,0,0,,,,浙江
2020-03-22,1238,1,1221,0,0,1,0,2,,,,浙江
2020-03-23,1240,1,1221,0,0,2,0,0,,,,浙江
2020-03-24,1241,1,1221,0,0,1,0,0,,,,浙江
2020-03-25,1243,1,1222,0,0,2,0,1,,,,浙江
2020-01-22,4,0,0,0,10,4,0,0,,,,湖南
2020-01-23,9,0,0,0,25,5,0,0,,,,湖南
2020-01-24,24,0,0,0,35,15,0,0,,,,湖南
2020-01-25,69,0,0,0,25,45,0,0,,,,湖南
2020-01-26,100,0,0,0,42,31,0,0,,,,湖南
2020-01-27,143,0,0,0,52,43,0,0,,,,湖南
2020-01-28,221,0,0,0,85,78,0,0,,,,湖南
2020-01-29,277,0,0,0,223,56,0,0,,,,湖南
2020-01-30,332,0,2,0,303,55,0,2,,,,湖南
2020-01-31,389,0,3,0,426,57,0,1,,,,湖南
2020-02-01,463,0,8,0,434,74,0,5,,,,湖南
2020-02-02,521,0,16,0,351,58,0,8,,,,湖南
2020-02-03,593,0,22,0,289,72,0,6,,,,湖南
2020-02-04,661,0,35,0,211,68,0,13,,,,湖南
2020-02-05,711,0,56,0,0,50,0,21,,,0.0,湖南
2020-02-06,772,0,91,0,183,61,0,35,,,122.0,湖南
2020-02-07,803,0,119,0,183,31,0,28,,,0.0,湖南
2020-02-08,838,1,159,0,0,35,1,40,,,,湖南
2020-02-09,879,1,186,0,0,41,0,27,,,,湖南
2020-02-10,912,1,213,0,0,33,0,27,,,,湖南
2020-02-11,946,2,263,0,0,34,1,50,,,,湖南
2020-02-12,968,2,312,0,0,22,0,49,,,,湖南
2020-02-13,988,2,352,0,0,20,0,40,,,,湖南
2020-02-14,1001,2,389,0,0,13,0,37,,,,湖南
2020-02-15,1004,3,430,0,0,3,1,41,,,,湖南
2020-02-16,1006,3,467,0,0,2,0,37,,,,湖南
2020-02-17,1007,4,501,0,0,1,1,34,,,,湖南
2020-02-18,1008,4,542,0,0,1,0,41,,,,湖南
2020-02-19,1010,4,578,0,0,2,0,36,,,,湖南
2020-02-20,1011,4,638,0,0,1,0,60,,,,湖南
2020-02-21,1013,4,669,0,0,2,0,31,,,,湖南
2020-02-22,1016,4,704,0,0,3,0,35,,,,湖南
2020-02-23,1016,4,721,0,0,0,0,17,,,,湖南
2020-02-24,1016,4,751,0,0,0,0,30,,,,湖南
2020-02-25,1016,4,779,0,0,0,0,28,,,,湖南
2020-02-26,1017,4,793,0,0,1,0,14,,,,湖南
2020-02-27,1017,4,820,0,0,0,0,27,,,,湖南
2020-02-28,1018,4,841,0,0,1,0,21,,,,湖南
2020-02-29,1018,4,853,0,0,0,0,12,,,,湖南
2020-03-01,1018,4,876,0,0,0,0,23,,,,湖南
2020-03-02,1018,4,892,0,0,0,0,16,,,,湖南
2020-03-03,1018,4,913,0,0,0,0,21,,,,湖南
2020-03-04,1018,4,933,0,0,0,0,20,,,,湖南
2020-03-05,1018,4,946,0,0,0,0,13,,,,湖南
2020-03-06,1018,4,959,0,0,0,0,13,,,,湖南
2020-03-07,1018,4,965,0,0,0,0,6,,,,湖南
2020-03-08,1018,4,979,0,0,0,0,14,,,,湖南
2020-03-09,1018,4,988,0,0,0,0,9,,,,湖南
2020-03-10,1018,4,995,0,0,0,0,7,,,,湖南
2020-03-11,1018,4,998,0,0,0,0,3,,,,湖南
2020-03-12,1018,4,1004,0,0,0,0,6,,,,湖南
2020-03-13,1018,4,1009,0,0,0,0,5,,,,湖南
2020-03-14,1018,4,1014,0,0,0,0,5,0.0,,0.0,湖南
2020-03-15,1018,4,1014,0,0,0,0,0,,,,湖南
2020-03-16,1018,4,1014,0,0,0,0,0,,,,湖南
2020-03-17,1018,4,1014,0,0,0,0,0,,,,湖南
2020-03-18,1018,4,1014,0,0,0,0,0,,,,湖南
2020-03-19,1018,4,1014,0,0,0,0,0,,,,湖南
2020-03-20,1018,4,1014,0,0,0,0,0,,,,湖南
2020-03-21,1018,4,1014,0,0,0,0,0,,,,湖南
2020-03-22,1018,4,1014,0,0,0,0,0,,,,湖南
2020-03-23,1018,4,1014,0,0,0,0,0,,,,湖南
2020-03-24,1018,4,1014,0,0,0,0,0,,,,湖南
2020-03-25,1018,4,1014,0,0,0,0,0,,,,湖南
2020-01-22,1,0,0,0,8,1,0,0,,,,安徽
2020-01-23,15,0,0,0,14,14,0,0,,,,安徽
2020-01-24,39,0,0,0,20,24,0,0,,,,安徽
2020-01-25,60,0,0,0,15,21,0,0,,,,安徽
2020-01-26,70,0,0,0,43,10,0,0,,,,安徽
2020-01-27,106,0,0,0,42,36,0,0,,,,安徽
2020-01-28,152,0,2,0,55,46,0,2,,,,安徽
2020-01-29,200,0,2,0,67,48,0,0,,,,安徽
2020-01-30,237,0,3,0,98,37,0,1,,,,安徽
2020-01-31,297,0,3,0,117,60,0,0,,,,安徽
2020-02-01,340,0,6,0,160,43,0,3,,,,安徽
2020-02-02,408,0,7,0,153,68,0,1,,,,安徽
2020-02-03,480,0,14,0,124,72,0,7,,,,安徽
2020-02-04,530,0,20,0,130,50,0,6,,,,安徽
2020-02-05,591,0,23,0,0,61,0,3,,,0.0,安徽
2020-02-06,665,0,34,0,141,74,0,11,,,78.0,安徽
2020-02-07,733,0,47,0,141,68,0,13,,,0.0,安徽
2020-02-08,779,1,59,0,0,46,1,12,,,,安徽
2020-02-09,830,3,73,0,0,51,2,14,,,,安徽
2020-02-10,860,4,88,0,0,30,1,15,,,,安徽
2020-02-11,889,4,108,0,0,29,0,20,,,,安徽
2020-02-12,910,5,128,0,0,21,1,20,,,,安徽
2020-02-13,934,6,166,0,0,24,1,38,,,,安徽
2020-02-14,950,6,198,0,0,16,0,32,,,,安徽
2020-02-15,962,6,232,0,0,12,0,34,,,,安徽
2020-02-16,973,6,266,0,0,11,0,34,,,,安徽
2020-02-17,982,6,293,0,0,9,0,27,,,,安徽
2020-02-18,986,6,361,0,0,4,0,68,,,,安徽
2020-02-19,987,6,424,0,0,1,0,63,,,,安徽
2020-02-20,988,6,500,0,0,1,0,76,,,,安徽
2020-02-21,989,6,567,0,0,1,0,67,,,,安徽
2020-02-22,989,6,620,0,0,0,0,53,,,,安徽
2020-02-23,989,6,648,0,0,0,0,28,,,,安徽
2020-02-24,989,6,692,0,0,0,0,44,,,,安徽
2020-02-25,989,6,727,0,0,0,0,35,,,,安徽
2020-02-26,989,6,764,0,0,0,0,37,,,,安徽
2020-02-27,990,6,814,0,0,1,0,50,,,,安徽
2020-02-28,990,6,842,0,0,0,0,28,,,,安徽
2020-02-29,990,6,868,0,0,0,0,26,,,,安徽
2020-03-01,990,6,888,0,0,0,0,20,,,,安徽
2020-03-02,990,6,917,0,0,0,0,29,,,,安徽
2020-03-03,990,6,941,0,0,0,0,24,,,,安徽
2020-03-04,990,6,956,0,0,0,0,15,,,,安徽
2020-03-05,990,6,970,0,0,0,0,14,,,,安徽
2020-03-06,990,6,979,0,0,0,0,9,,,,安徽
2020-03-07,990,6,981,0,0,0,0,2,,,,安徽
2020-03-08,990,6,984,0,0,0,0,3,,,,安徽
2020-03-09,990,6,984,0,0,0,0,0,,,,安徽
2020-03-10,990,6,984,0,0,0,0,0,,,,安徽
2020-03-11,990,6,984,0,0,0,0,0,,,,安徽
2020-03-12,990,6,984,0,0,0,0,0,,,,安徽
2020-03-13,990,6,984,0,0,0,0,0,,,,安徽
2020-03-14,990,6,984,0,0,0,0,0,,,,安徽
2020-03-15,990,6,984,0,0,0,0,0,,,,安徽
2020-03-16,990,6,984,0,0,0,0,0,,,,安徽
2020-03-17,990,6,984,0,0,0,0,0,,,,安徽
2020-03-18,990,6,984,0,0,0,0,0,0.0,,0.0,安徽
2020-03-19,990,6,984,0,0,0,0,0,,,,安徽
2020-03-20,990,6,984,0,0,0,0,0,,,,安徽
2020-03-21,990,6,984,0,0,0,0,0,,,,安徽
2020-03-22,990,6,984,0,0,0,0,0,,,,安徽
2020-03-23,990,6,984,0,0,0,0,0,,,,安徽
2020-03-24,990,6,984,0,0,0,0,0,,,,安徽
2020-03-25,990,6,984,0,0,0,0,0,,,,安徽
2020-01-23,7,0,0,0,17,7,0,0,,,,江西
2020-01-24,18,0,0,0,38,11,0,0,,,,江西
2020-01-25,36,0,0,0,30,18,0,0,,,,江西
2020-01-26,48,0,0,0,68,12,0,0,,,,江西
2020-01-27,72,0,0,0,88,24,0,0,,,,江西
2020-01-28,109,0,2,0,107,37,0,2,,,,江西
2020-01-29,162,0,3,0,123,53,0,1,,,,江西
2020-01-30,240,0,7,0,197,78,0,4,,,,江西
2020-01-31,286,0,9,0,260,46,0,2,,,,江西
2020-02-01,333,0,10,0,312,47,0,1,,,,江西
2020-02-02,391,0,18,0,359,58,0,8,,,,江西
2020-02-03,476,0,19,0,319,85,0,1,,,,江西
2020-02-04,548,0,27,0,343,72,0,8,,,,江西
2020-02-05,600,0,37,0,0,52,0,10,,,0.0,江西
2020-02-06,661,0,45,0,249,61,0,8,,,48.0,江西
2020-02-07,698,0,55,0,249,37,0,10,,,0.0,江西
2020-02-08,739,0,72,0,0,41,0,17,,,,江西
2020-02-09,772,1,102,0,0,33,1,30,,,,江西
2020-02-10,804,1,127,0,0,32,0,25,,,0.0,江西
2020-02-11,844,1,152,0,0,40,0,25,,,,江西
2020-02-12,872,1,170,0,0,28,0,18,,,,江西
2020-02-13,900,1,187,0,0,28,0,17,,,,江西
2020-02-14,912,1,210,0,0,12,0,23,,,0.0,江西
2020-02-15,925,1,239,0,0,13,0,29,,,,江西
2020-02-16,930,1,275,0,0,5,0,36,,,,江西
2020-02-17,933,1,310,0,0,3,0,35,,,,江西
2020-02-18,933,1,362,0,0,0,0,52,,,,江西
2020-02-19,934,1,432,0,0,1,0,70,,,,江西
2020-02-20,934,1,489,0,0,0,0,57,,,,江西
2020-02-21,934,1,544,0,0,0,0,55,,,,江西
2020-02-22,934,1,611,0,0,0,0,67,,,,江西
2020-02-23,934,1,645,0,0,0,0,34,,,,江西
2020-02-24,934,1,682,0,0,0,0,37,,,,江西
2020-02-25,934,1,719,0,0,0,0,37,,,,江西
2020-02-26,934,1,754,0,0,0,0,35,,,,江西
2020-02-27,935,1,790,0,0,1,0,36,,,,江西
2020-02-28,935,1,811,0,0,0,0,21,,,,江西
2020-02-29,935,1,831,0,0,0,0,20,,,,江西
2020-03-01,935,1,850,0,0,0,0,19,,,,江西
2020-03-02,935,1,870,0,0,0,0,20,,,,江西
2020-03-03,935,1,884,0,0,0,0,14,,,,江西
2020-03-04,935,1,901,0,0,0,0,17,,,,江西
2020-03-05,935,1,908,0,0,0,0,7,,,,江西
2020-03-06,935,1,916,0,0,0,0,8,,,,江西
2020-03-07,935,1,918,0,0,0,0,2,,,,江西
2020-03-08,935,1,923,0,0,0,0,5,,,,江西
2020-03-09,935,1,927,0,0,0,0,4,,,,江西
2020-03-10,935,1,932,0,0,0,0,5,,,,江西
2020-03-11,935,1,934,0,0,0,0,2,,,,江西
2020-03-12,935,1,934,0,0,0,0,0,,,,江西
2020-03-13,935,1,934,0,0,0,0,0,,,,江西
2020-03-14,935,1,934,0,0,0,0,0,,,,江西
2020-03-15,935,1,934,0,0,0,0,0,,,,江西
2020-03-16,935,1,934,0,0,0,0,0,,,,江西
2020-03-17,935,1,934,0,0,0,0,0,,,,江西
2020-03-18,935,1,934,0,0,0,0,0,,,,江西
2020-03-19,935,1,934,0,0,0,0,0,,,,江西
2020-03-20,935,1,934,0,0,0,0,0,,,,江西
2020-03-21,936,1,934,0,0,1,0,0,,,,江西
2020-03-22,936,1,934,0,0,0,0,0,,,,江西
2020-03-23,936,1,934,0,0,0,0,0,,,,江西
2020-03-24,936,1,934,0,0,0,0,0,,,,江西
2020-03-25,936,1,934,0,0,0,0,0,,,,江西
2020-01-22,2,0,0,0,5,2,0,0,,,,山东
2020-01-23,9,0,0,0,9,7,0,0,,,,山东
2020-01-24,21,0,0,0,11,12,0,0,,,,山东
2020-01-25,39,0,0,0,11,18,0,0,,,,山东
2020-01-26,61,0,0,0,35,22,0,0,,,,山东
2020-01-27,87,0,0,0,42,26,0,0,,,,山东
2020-01-28,121,0,1,0,55,34,0,1,,,,山东
2020-01-29,145,0,1,0,79,24,0,0,,,,山东
2020-01-30,178,0,2,0,90,33,0,1,,,,山东
2020-01-31,202,0,2,0,83,24,0,0,,,,山东
2020-02-01,225,0,5,0,81,23,0,3,,,,山东
2020-02-02,246,0,6,0,62,21,0,1,,,,山东
2020-02-03,270,0,7,0,70,24,0,1,,,,山东
2020-02-04,298,0,13,0,94,28,0,6,,,,山东
2020-02-05,343,0,18,0,0,45,0,5,,,0.0,山东
2020-02-06,379,0,31,0,96,36,0,13,,,48.0,山东
2020-02-07,407,0,38,0,96,28,0,7,,,0.0,山东
2020-02-08,435,1,50,0,0,28,1,12,,,,山东
2020-02-09,459,1,63,0,0,24,0,13,,,,山东
2020-02-10,486,1,71,0,0,27,0,8,,,,山东
2020-02-11,497,1,80,0,0,11,0,9,,,,山东
2020-02-12,506,2,98,0,0,9,1,18,,,0.0,山东
2020-02-13,519,2,111,0,0,13,0,13,,,,山东
2020-02-14,530,2,139,0,0,11,0,28,,,,山东
2020-02-15,537,2,164,0,0,7,0,25,,,,山东
2020-02-16,541,2,175,0,0,4,0,11,,,,山东
2020-02-17,543,2,193,0,0,2,0,18,,,,山东
2020-02-18,544,3,215,0,0,1,1,22,,,,山东
2020-02-19,546,4,238,0,0,2,1,23,,,,山东
2020-02-20,748,4,270,0,0,202,0,32,,,,山东
2020-02-21,750,4,293,0,0,2,0,23,,,,山东
2020-02-22,754,4,311,0,0,4,0,18,,,,山东
2020-02-23,755,4,327,0,0,1,0,16,,,,山东
2020-02-24,755,6,343,0,0,0,2,16,,,,山东
2020-02-25,756,6,357,0,0,1,0,14,,,,山东
2020-02-26,756,6,381,0,0,0,0,24,,,,山东
2020-02-27,756,6,390,0,0,0,0,9,,,,山东
2020-02-28,756,6,411,0,0,0,0,21,,,,山东
2020-02-29,756,6,431,0,0,0,0,20,,,,山东
2020-03-01,758,6,455,0,0,2,0,24,,,,山东
2020-03-02,758,6,497,0,0,0,0,42,,,,山东
2020-03-03,758,6,511,0,0,0,0,14,,,,山东
2020-03-04,758,6,576,0,0,0,0,65,,,,山东
2020-03-05,758,6,602,0,0,0,0,26,,,,山东
2020-03-06,758,6,625,0,0,0,0,23,,,,山东
2020-03-07,758,6,637,0,0,0,0,12,,,,山东
2020-03-08,758,6,647,0,0,0,0,10,,,,山东
2020-03-09,758,6,703,0,0,0,0,56,,,,山东
2020-03-10,759,6,721,0,0,1,0,18,,,,山东
2020-03-11,760,6,733,0,0,1,0,12,,,,山东
2020-03-12,760,7,739,0,0,0,1,6,,,,山东
2020-03-13,760,7,740,0,0,0,0,1,,,,山东
2020-03-14,760,7,741,0,0,0,0,1,,,,山东
2020-03-15,760,7,743,0,0,0,0,2,,,,山东
2020-03-16,761,7,746,0,0,1,0,3,,,,山东
2020-03-17,761,7,746,0,0,0,0,0,,,,山东
2020-03-18,761,7,747,0,0,0,0,1,,,,山东
2020-03-19,762,7,748,0,0,1,0,1,,,,山东
2020-03-20,764,7,749,0,0,2,0,1,,,,山东
2020-03-21,765,7,750,0,0,1,0,1,,,,山东
2020-03-22,767,7,751,0,0,2,0,1,,,,山东
2020-03-23,768,7,752,0,0,1,0,1,,,,山东
2020-03-24,769,7,752,0,0,1,0,0,,,,山东
2020-03-25,769,7,752,0,0,0,0,0,,,,山东
2020-01-22,1,0,0,0,0,1,0,0,,,,江苏
2020-01-23,5,0,0,0,0,4,0,0,,,,江苏
2020-01-24,14,0,0,0,0,9,0,0,,,,江苏
2020-01-25,31,0,1,0,0,17,0,1,,,,江苏
2020-01-26,47,0,1,0,0,16,0,0,,,,江苏
2020-01-27,70,0,1,0,0,23,0,0,,,,江苏
2020-01-28,99,0,1,0,0,29,0,0,,,,江苏
2020-01-29,129,0,1,0,0,30,0,0,,,,江苏
2020-01-30,168,0,2,0,0,39,0,1,,,,江苏
2020-01-31,202,0,5,0,42,34,0,3,,,,江苏
2020-02-01,236,0,6,0,47,34,0,1,,,,江苏
2020-02-02,271,0,7,0,44,35,0,1,,,,江苏
2020-02-03,308,0,8,0,47,37,0,1,,,,江苏
2020-02-04,341,0,13,0,43,33,0,5,,,,江苏
2020-02-05,373,0,26,0,0,32,0,13,,,0.0,江苏
2020-02-06,408,0,38,0,59,35,0,12,,,34.0,江苏
2020-02-07,439,0,43,0,59,31,0,5,,,0.0,江苏
2020-02-08,468,0,51,0,0,29,0,8,,,,江苏
2020-02-09,492,0,72,0,0,24,0,21,,,,江苏
2020-02-10,515,0,84,0,0,23,0,12,,,,江苏
2020-02-11,543,0,94,0,0,28,0,10,,,,江苏
2020-02-12,570,0,131,0,0,27,0,37,,,,江苏
2020-02-13,593,0,137,0,0,23,0,6,,,,江苏
2020-02-14,604,0,160,0,0,11,0,23,,,,江苏
2020-02-15,617,0,190,0,0,13,0,30,,,,江苏
2020-02-16,626,0,226,0,0,9,0,36,,,,江苏
2020-02-17,629,0,263,0,0,3,0,37,,,,江苏
2020-02-18,631,0,296,0,0,2,0,33,,,,江苏
2020-02-19,631,0,325,0,0,0,0,29,,,,江苏
2020-02-20,631,0,352,0,0,0,0,27,,,,江苏
2020-02-21,631,0,387,0,0,0,0,35,,,,江苏
2020-02-22,631,0,411,0,0,0,0,24,,,,江苏
2020-02-23,631,0,427,0,0,0,0,16,,,,江苏
2020-02-24,631,0,458,0,0,0,0,31,,,,江苏
2020-02-25,631,0,463,0,0,0,0,5,,,,江苏
2020-02-26,631,0,494,0,0,0,0,31,,,,江苏
2020-02-27,631,0,506,0,0,0,0,12,,,,江苏
2020-02-28,631,0,519,0,0,0,0,13,,,,江苏
2020-02-29,631,0,529,0,0,0,0,10,,,,江苏
2020-03-01,631,0,536,0,0,0,0,7,,,,江苏
2020-03-02,631,0,555,0,0,0,0,19,,,,江苏
2020-03-03,631,0,565,0,0,0,0,10,,,,江苏
2020-03-04,631,0,580,0,0,0,0,15,,,,江苏
2020-03-05,631,0,588,0,0,0,0,8,,,,江苏
2020-03-06,631,0,601,0,0,0,0,13,,,,江苏
2020-03-07,631,0,610,0,0,0,0,9,,,,江苏
2020-03-08,631,0,618,0,0,0,0,8,,,,江苏
2020-03-09,631,0,622,0,0,0,0,4,,,,江苏
2020-03-10,631,0,627,0,0,0,0,5,,,,江苏
2020-03-11,631,0,628,0,0,0,0,1,,,,江苏
2020-03-12,631,0,630,0,0,0,0,2,,,,江苏
2020-03-13,631,0,630,0,0,0,0,0,,,,江苏
2020-03-14,631,0,631,0,0,0,0,1,,,,江苏
2020-03-15,631,0,631,0,0,0,0,0,,,,江苏
2020-03-16,631,0,631,0,0,0,0,0,,,,江苏
2020-03-17,631,0,631,0,0,0,0,0,,,,江苏
2020-03-18,631,0,631,0,0,0,0,0,,,,江苏
2020-03-19,631,0,631,0,0,0,0,0,,,,江苏
2020-03-20,631,0,631,0,0,0,0,0,,,,江苏
2020-03-21,633,0,631,0,0,2,0,0,,,,江苏
2020-03-22,633,0,631,0,0,0,0,0,,,,江苏
2020-03-23,636,0,631,0,0,3,0,0,,,,江苏
2020-03-24,638,0,631,0,0,2,0,0,,,,江苏
2020-03-25,640,0,631,0,0,2,0,0,,,,江苏
2020-01-21,5,0,0,0,0,5,0,0,,,,重庆
2020-01-22,9,0,0,0,13,4,0,0,,,,重庆
2020-01-23,27,0,0,0,71,18,0,0,,,,重庆
2020-01-24,57,0,0,0,86,30,0,0,,,,重庆
2020-01-25,75,0,0,0,146,18,0,0,,,,重庆
2020-01-26,110,0,0,0,188,35,0,0,,,,重庆
2020-01-27,132,0,0,0,219,22,0,0,,,,重庆
2020-01-28,147,0,0,0,246,15,0,0,,,,重庆
2020-01-29,165,0,0,0,279,18,0,0,,,,重庆
2020-01-30,206,0,1,0,378,41,0,1,,,,重庆
2020-01-31,238,1,3,0,408,32,1,2,,,,重庆
2020-02-01,262,1,3,0,425,24,0,0,,,,重庆
2020-02-02,300,2,7,0,398,38,1,4,,,,重庆
2020-02-03,337,2,9,0,387,37,0,2,,,,重庆
2020-02-04,366,2,14,0,397,29,0,5,,,,重庆
2020-02-05,389,2,15,0,0,23,0,1,,,0.0,重庆
2020-02-06,411,2,24,0,408,22,0,9,,,177.0,重庆
2020-02-07,426,2,31,0,408,15,0,7,,,0.0,重庆
2020-02-08,446,2,39,0,0,20,0,8,,,,重庆
2020-02-09,468,2,51,0,0,22,0,12,,,,重庆
2020-02-10,486,2,66,0,0,18,0,15,,,0.0,重庆
2020-02-11,505,3,79,0,0,19,1,13,,,0.0,重庆
2020-02-12,518,3,102,0,0,13,0,23,,,,重庆
2020-02-13,529,4,128,0,0,11,1,26,,,0.0,重庆
2020-02-14,537,5,152,0,0,8,1,24,,,,重庆
2020-02-15,544,5,184,0,0,7,0,32,,,0.0,重庆
2020-02-16,551,5,207,0,0,7,0,23,,,,重庆
2020-02-17,553,5,225,0,0,2,0,18,,,,重庆
2020-02-18,555,5,254,0,0,2,0,29,,,,重庆
2020-02-19,560,5,274,0,0,5,0,20,,,,重庆
2020-02-20,567,6,299,0,0,7,1,25,,,,重庆
2020-02-21,572,6,316,0,0,5,0,17,,,,重庆
2020-02-22,573,6,328,0,0,1,0,12,,,,重庆
2020-02-23,575,6,335,0,0,2,0,7,,,,重庆
2020-02-24,576,6,349,0,0,1,0,14,,,,重庆
2020-02-25,576,6,372,0,0,0,0,23,,,0.0,重庆
2020-02-26,576,6,384,0,0,0,0,12,,,,重庆
2020-02-27,576,6,401,0,0,0,0,17,,,,重庆
2020-02-28,576,6,422,0,0,0,0,21,,,0.0,重庆
2020-02-29,576,6,438,0,0,0,0,16,,,,重庆
2020-03-01,576,6,450,0,0,0,0,12,,,0.0,重庆
2020-03-02,576,6,469,0,0,0,0,19,,,,重庆
2020-03-03,576,6,490,0,0,0,0,21,,,,重庆
2020-03-04,576,6,502,0,0,0,0,12,,,,重庆
2020-03-05,576,6,512,0,0,0,0,10,,,,重庆
2020-03-06,576,6,520,0,0,0,0,8,,,,重庆
2020-03-07,576,6,526,0,0,0,0,6,,,,重庆
2020-03-08,576,6,527,0,0,0,0,1,,,,重庆
2020-03-09,576,6,542,0,0,0,0,15,,,,重庆
2020-03-10,576,6,547,0,0,0,0,5,,,,重庆
2020-03-11,576,6,554,0,0,0,0,7,,,,重庆
2020-03-12,576,6,564,0,0,0,0,10,,,,重庆
2020-03-13,576,6,566,0,0,0,0,2,,,,重庆
2020-03-14,576,6,569,0,0,0,0,3,,,,重庆
2020-03-15,576,6,570,0,0,0,0,1,,,,重庆
2020-03-16,576,6,570,0,0,0,0,0,0.0,,0.0,重庆
2020-03-17,576,6,570,0,0,0,0,0,,,,重庆
2020-03-18,576,6,570,0,0,0,0,0,,,,重庆
2020-03-19,576,6,570,0,0,0,0,0,,,,重庆
2020-03-20,576,6,570,0,0,0,0,0,,,,重庆
2020-03-21,576,6,570,0,0,0,0,0,,,,重庆
2020-03-22,577,6,570,0,0,1,0,0,,,,重庆
2020-03-23,578,6,570,0,0,1,0,0,,,,重庆
2020-03-24,578,6,570,0,0,0,0,0,,,,重庆
2020-03-25,578,6,570,0,0,0,0,0,,,,重庆
2020-01-21,10,0,0,0,0,10,0,0,,,,北京
2020-01-22,14,0,0,0,0,4,0,0,,,,北京
2020-01-23,26,0,0,0,0,12,0,0,,,,北京
2020-01-24,36,0,0,0,0,10,0,0,,,,北京
2020-01-25,51,0,0,0,0,15,0,0,,,,北京
2020-01-26,67,0,1,0,0,16,0,1,,,,北京
2020-01-27,80,1,1,0,0,13,1,0,,,,北京
2020-01-28,96,1,4,0,0,16,0,3,,,,北京
2020-01-29,112,1,4,0,0,16,0,0,,,,北京
2020-01-30,132,1,5,0,0,20,0,1,,,,北京
2020-01-31,156,1,9,0,0,24,0,4,,,,北京
2020-02-01,183,1,9,0,0,27,0,0,,,,北京
2020-02-02,212,1,12,0,0,29,0,3,,,,北京
2020-02-03,228,1,23,0,141,16,0,11,,,,北京
2020-02-04,253,1,24,0,160,25,0,1,,,,北京
2020-02-05,274,1,31,0,0,21,0,7,,,0.0,北京
2020-02-06,297,1,33,0,157,23,0,2,,,51.0,北京
2020-02-07,315,2,33,0,0,18,1,0,,,0.0,北京
2020-02-08,326,2,37,0,0,11,0,4,,,0.0,北京
2020-02-09,337,2,44,0,0,11,0,7,,,,北京
2020-02-10,342,3,48,0,0,5,1,4,,,,北京
2020-02-11,352,3,56,0,0,10,0,8,,,,北京
2020-02-12,366,3,68,0,0,14,0,12,,,0.0,北京
2020-02-13,372,3,79,0,0,6,0,11,,,,北京
2020-02-14,375,4,97,0,0,3,1,18,,,,北京
2020-02-15,380,4,105,0,0,5,0,8,,,,北京
2020-02-16,381,4,114,0,0,1,0,9,,,,北京
2020-02-17,387,4,122,0,0,6,0,8,,,,北京
2020-02-18,393,4,145,0,0,6,0,23,,,,北京
2020-02-19,395,4,153,0,0,2,0,8,,,,北京
2020-02-20,396,4,169,0,0,1,0,16,,,,北京
2020-02-21,399,4,178,0,0,3,0,9,,,,北京
2020-02-22,399,4,189,0,0,0,0,11,,,,北京
2020-02-23,399,4,198,0,0,0,0,9,,,,北京
2020-02-24,400,4,215,0,0,1,0,17,,,,北京
2020-02-25,400,4,235,0,0,0,0,20,,,,北京
2020-02-26,410,5,248,0,0,10,1,13,,,,北京
2020-02-27,410,7,257,0,0,0,2,9,,,,北京
2020-02-28,411,8,271,0,0,1,1,14,,,,北京
2020-02-29,413,8,276,0,0,2,0,5,,,,北京
2020-03-01,414,8,282,0,0,1,0,6,,,0.0,北京
2020-03-02,414,8,288,0,0,0,0,6,,,,北京
2020-03-03,417,8,294,0,0,3,0,6,,,,北京
2020-03-04,418,8,297,0,0,1,0,3,,,,北京
2020-03-05,422,8,298,0,0,4,0,1,,,,北京
2020-03-06,426,8,303,0,0,4,0,5,,,,北京
2020-03-07,428,8,308,0,0,2,0,5,,,,北京
2020-03-08,428,8,315,0,0,0,0,7,,,,北京
2020-03-09,429,8,320,0,0,1,0,5,,,,北京
2020-03-10,435,8,326,0,0,6,0,6,,,,北京
2020-03-11,435,8,334,0,0,0,0,8,,,,北京
2020-03-12,436,8,342,0,0,1,0,8,,,,北京
2020-03-13,437,8,349,0,0,1,0,7,,,,北京
2020-03-14,442,8,353,0,0,5,0,4,,,,北京
2020-03-15,446,8,358,0,0,4,0,5,,,,北京
2020-03-16,455,8,368,0,0,9,0,10,,,,北京
2020-03-17,458,8,373,0,0,3,0,5,,,,北京
2020-03-18,479,8,379,0,0,21,0,6,,,,北京
2020-03-19,485,8,384,0,0,6,0,5,,,,北京
2020-03-20,499,8,392,0,0,14,0,8,,,,北京
2020-03-21,512,8,398,0,0,13,0,6,,,,北京
2020-03-22,522,8,400,0,0,10,0,2,,,,北京
2020-03-23,554,8,401,0,0,32,0,1,,,,北京
2020-03-24,559,8,401,0,0,5,0,0,,,,北京
2020-03-25,565,8,403,0,0,6,0,2,,,,北京
2020-01-21,2,0,0,0,5,2,0,0,,,,四川
2020-01-22,5,0,0,0,7,3,0,0,,,,四川
2020-01-23,15,0,0,0,10,10,0,0,,,,四川
2020-01-24,28,0,0,0,25,13,0,0,,,,四川
2020-01-25,44,0,0,0,34,16,0,0,,,,四川
2020-01-26,69,0,0,0,92,25,0,0,,,,四川
2020-01-27,90,0,0,0,138,21,0,0,,,,四川
2020-01-28,108,0,0,0,182,18,0,0,,,,四川
2020-01-29,142,1,1,0,243,34,1,1,,,,四川
2020-01-30,177,1,1,0,241,35,0,0,,,,四川
2020-01-31,207,1,3,0,256,30,0,2,,,,四川
2020-02-01,231,1,3,0,247,24,0,0,,,,四川
2020-02-02,254,1,12,0,268,23,0,9,,,,四川
2020-02-03,282,1,14,0,258,28,0,2,,,,四川
2020-02-04,301,1,24,0,281,19,0,10,,,,四川
2020-02-05,321,1,27,0,0,20,0,3,,,0.0,四川
2020-02-06,344,1,37,0,0,23,0,10,,,157.0,四川
2020-02-07,363,1,50,0,409,19,0,13,,,0.0,四川
2020-02-08,386,1,60,0,0,23,0,10,,,,四川
2020-02-09,405,1,76,0,0,19,0,16,,,,四川
2020-02-10,417,1,82,0,0,12,0,6,,,,四川
2020-02-11,436,1,85,0,0,19,0,3,,,,四川
2020-02-12,451,1,93,0,0,15,0,8,,,,四川
2020-02-13,463,1,105,0,0,12,0,12,,,,四川
2020-02-14,470,1,115,0,0,7,0,10,,,,四川
2020-02-15,481,3,127,0,0,11,2,12,,,,四川
2020-02-16,495,3,136,0,0,14,0,9,,,,四川
2020-02-17,508,3,163,0,0,13,0,27,,,,四川
2020-02-18,514,3,177,0,0,6,0,14,,,,四川
2020-02-19,520,3,198,0,0,6,0,21,,,,四川
2020-02-20,525,3,222,0,0,5,0,24,,,,四川
2020-02-21,526,3,242,0,0,1,0,20,,,,四川
2020-02-22,526,3,256,0,0,0,0,14,,,,四川
2020-02-23,527,3,263,0,0,1,0,7,,,,四川
2020-02-24,529,3,278,0,0,2,0,15,,,,四川
2020-02-25,531,3,292,0,0,2,0,14,,,,四川
2020-02-26,534,3,310,0,0,3,0,18,,,,四川
2020-02-27,538,3,326,0,0,4,0,16,,,,四川
2020-02-28,538,3,350,0,0,0,0,24,,,,四川
2020-02-29,538,3,363,0,0,0,0,13,,,,四川
2020-03-01,538,3,378,0,0,0,0,15,,,,四川
2020-03-02,538,3,389,0,0,0,0,11,,,,四川
2020-03-03,538,3,400,0,0,0,0,11,,,,四川
2020-03-04,539,3,418,0,0,1,0,18,,,,四川
2020-03-05,539,3,428,0,0,0,0,10,,,,四川
2020-03-06,539,3,448,0,0,0,0,20,,,,四川
2020-03-07,539,3,457,0,0,0,0,9,,,,四川
2020-03-08,539,3,465,0,0,0,0,8,,,,四川
2020-03-09,539,3,470,0,0,0,0,5,,,,四川
2020-03-10,539,3,484,0,0,0,0,14,,,,四川
2020-03-11,539,3,494,0,0,0,0,10,,,,四川
2020-03-12,539,3,500,0,0,0,0,6,,,,四川
2020-03-13,539,3,510,0,0,0,0,10,,,,四川
2020-03-14,539,3,515,0,0,0,0,5,,,,四川
2020-03-15,539,3,516,0,0,0,0,1,,,,四川
2020-03-16,539,3,520,0,0,0,0,4,,,,四川
2020-03-17,540,3,525,0,0,1,0,5,,,,四川
2020-03-18,540,3,531,0,0,0,0,6,,,,四川
2020-03-19,541,3,536,0,0,1,0,5,,,,四川
2020-03-20,542,3,536,0,0,1,0,0,,,,四川
2020-03-21,543,3,536,0,0,1,0,0,,,,四川
2020-03-22,543,3,536,0,0,0,0,0,,,,四川
2020-03-23,545,3,536,0,0,2,0,0,,,,四川
2020-03-24,547,3,536,0,0,2,0,0,,,,四川
2020-03-25,547,3,536,0,0,0,0,0,,,,四川
2020-01-23,3,0,0,0,12,3,0,0,,,,黑龙江
2020-01-24,9,1,0,0,18,6,1,0,,,,黑龙江
2020-01-25,15,1,0,0,13,6,0,0,,,,黑龙江
2020-01-26,21,1,0,0,47,6,0,0,,,,黑龙江
2020-01-27,30,1,0,0,67,9,0,0,,,,黑龙江
2020-01-28,37,1,0,0,68,7,0,0,,,,黑龙江
2020-01-29,43,1,0,0,105,6,0,0,,,,黑龙江
2020-01-30,59,2,0,0,128,16,1,0,,,,黑龙江
2020-01-31,80,2,0,0,149,21,0,0,,,,黑龙江
2020-02-01,95,2,2,0,172,15,0,2,,,,黑龙江
2020-02-02,118,2,2,0,163,23,0,0,,,,黑龙江
2020-02-03,155,2,2,0,178,37,0,0,,,,黑龙江
2020-02-04,190,2,4,0,184,35,0,2,,,,黑龙江
2020-02-05,227,3,7,0,0,37,1,3,,,0.0,黑龙江
2020-02-06,277,3,8,0,0,50,0,1,,,88.0,黑龙江
2020-02-07,285,5,12,0,210,8,2,4,,,0.0,黑龙江
2020-02-08,307,6,13,0,0,22,1,1,,,0.0,黑龙江
2020-02-09,331,7,15,0,0,24,1,2,,,,黑龙江
2020-02-10,360,8,27,0,0,29,1,12,,,0.0,黑龙江
2020-02-11,378,8,28,0,0,18,0,1,,,,黑龙江
2020-02-12,395,9,31,0,0,17,1,3,,,,黑龙江
2020-02-13,418,11,37,0,0,23,2,6,,,,黑龙江
2020-02-14,425,11,48,0,0,7,0,11,,,,黑龙江
2020-02-15,445,11,70,0,0,20,0,22,,,,黑龙江
2020-02-16,457,11,80,0,0,12,0,10,,,,黑龙江
2020-02-17,464,11,85,0,0,7,0,5,,,,黑龙江
2020-02-18,470,12,108,0,0,6,1,23,,,,黑龙江
2020-02-19,476,12,123,0,0,6,0,15,,,,黑龙江
2020-02-20,479,12,141,0,0,3,0,18,,,,黑龙江
2020-02-21,479,12,183,0,0,0,0,42,,,,黑龙江
2020-02-22,480,12,215,0,0,1,0,32,,,,黑龙江
2020-02-23,480,12,224,0,0,0,0,9,,,,黑龙江
2020-02-24,480,12,232,0,0,0,0,8,,,,黑龙江
2020-02-25,480,12,245,0,0,0,0,13,,,,黑龙江
2020-02-26,480,13,262,0,0,0,1,17,,,,黑龙江
2020-02-27,480,13,280,0,0,0,0,18,,,,黑龙江
2020-02-28,480,13,295,0,0,0,0,15,,,,黑龙江
2020-02-29,480,13,330,0,0,0,0,35,,,,黑龙江
2020-03-01,480,13,350,0,0,0,0,20,,,,黑龙江
2020-03-02,480,13,358,0,0,0,0,8,,,,黑龙江
2020-03-03,480,13,372,0,0,0,0,14,,,,黑龙江
2020-03-04,481,13,379,0,0,1,0,7,,,,黑龙江
2020-03-05,481,13,380,0,0,0,0,1,,,,黑龙江
2020-03-06,481,13,402,0,0,0,0,22,,,,黑龙江
2020-03-07,481,13,409,0,0,0,0,7,,,,黑龙江
2020-03-08,481,13,421,0,0,0,0,12,,,,黑龙江
2020-03-09,481,13,434,0,0,0,0,13,,,,黑龙江
2020-03-10,482,13,435,0,0,1,0,1,,,,黑龙江
2020-03-11,482,13,440,0,0,0,0,5,,,,黑龙江
2020-03-12,482,13,446,0,0,0,0,6,,,,黑龙江
2020-03-13,482,13,447,0,0,0,0,1,,,,黑龙江
2020-03-14,482,13,453,0,0,0,0,6,,,,黑龙江
2020-03-15,482,13,454,0,0,0,0,1,,,,黑龙江
2020-03-16,482,13,456,0,0,0,0,2,,,,黑龙江
2020-03-17,482,13,459,0,0,0,0,3,,,,黑龙江
2020-03-18,483,13,460,0,0,1,0,1,,,,黑龙江
2020-03-19,484,13,463,0,0,1,0,3,0.0,,0.0,黑龙江
2020-03-20,484,13,463,0,0,0,0,0,,,,黑龙江
2020-03-21,484,13,465,0,0,0,0,2,,,,黑龙江
2020-03-22,484,13,465,0,0,0,0,0,,,,黑龙江
2020-03-23,484,13,468,0,0,0,0,3,,,,黑龙江
2020-03-24,484,13,468,0,0,0,0,0,,,,黑龙江
2020-03-25,484,13,469,0,0,0,0,1,,,,黑龙江
2020-01-21,9,0,0,0,10,9,0,0,,,,上海
2020-01-22,16,0,0,0,16,7,0,0,,,,上海
2020-01-23,20,0,0,0,34,4,0,0,,,,上海
2020-01-24,33,0,0,0,72,13,0,0,,,,上海
2020-01-25,40,1,1,0,95,7,1,1,,,,上海
2020-01-26,53,1,1,0,90,13,0,0,,,,上海
2020-01-27,66,1,1,0,129,13,0,0,,,,上海
2020-01-28,80,1,4,0,167,14,0,3,,,,上海
2020-01-29,101,1,5,0,180,21,0,1,,,,上海
2020-01-30,128,1,5,0,164,27,0,0,,,,上海
2020-01-31,153,1,9,0,167,25,0,4,,,,上海
2020-02-01,177,1,10,0,168,24,0,1,,,,上海
2020-02-02,193,1,10,0,173,16,0,0,,,,上海
2020-02-03,208,1,10,0,168,15,0,0,,,,上海
2020-02-04,233,1,12,0,194,25,0,2,,,,上海
2020-02-05,254,1,15,0,0,21,0,3,,,0.0,上海
2020-02-06,269,1,25,0,166,15,0,10,,,94.0,上海
2020-02-07,281,1,30,0,166,12,0,5,,,0.0,上海
2020-02-08,292,1,41,0,0,11,0,11,,,0.0,上海
2020-02-09,295,1,44,0,0,3,0,3,,,,上海
2020-02-10,302,1,48,0,0,7,0,4,,,,上海
2020-02-11,306,1,53,0,0,4,0,5,,,,上海
2020-02-12,313,1,57,0,0,7,0,4,,,,上海
2020-02-13,318,1,62,0,0,5,0,5,,,,上海
2020-02-14,326,1,90,0,0,8,0,28,,,,上海
2020-02-15,328,1,124,0,0,2,0,34,,,,上海
2020-02-16,331,1,140,0,0,3,0,16,,,,上海
2020-02-17,333,1,161,0,0,2,0,21,,,,上海
2020-02-18,333,1,177,0,0,0,0,16,,,,上海
2020-02-19,333,2,186,0,0,0,1,9,,,,上海
2020-02-20,334,2,199,0,0,1,0,13,,,,上海
2020-02-21,334,3,211,0,0,0,1,12,,,,上海
2020-02-22,335,3,227,0,0,1,0,16,,,,上海
2020-02-23,335,3,249,0,0,0,0,22,,,,上海
2020-02-24,335,3,261,0,0,0,0,12,,,,上海
2020-02-25,336,3,268,0,0,1,0,7,,,,上海
2020-02-26,337,3,272,0,0,1,0,4,,,,上海
2020-02-27,337,3,276,0,0,0,0,4,,,,上海
2020-02-28,337,3,279,0,0,0,0,3,,,,上海
2020-02-29,337,3,287,0,0,0,0,8,,,,上海
2020-03-01,337,3,290,0,0,0,0,3,,,,上海
2020-03-02,338,3,292,0,0,1,0,2,,,,上海
2020-03-03,338,3,294,0,0,0,0,2,,,,上海
2020-03-04,338,3,298,0,0,0,0,4,,,,上海
2020-03-05,339,3,303,0,0,1,0,5,,,,上海
2020-03-06,342,3,306,0,0,3,0,3,,,,上海
2020-03-07,342,3,313,0,0,0,0,7,,,,上海
2020-03-08,342,3,314,0,0,0,0,1,,,,上海
2020-03-09,342,3,315,0,0,0,0,1,,,,上海
2020-03-10,344,3,319,0,0,2,0,4,,,,上海
2020-03-11,344,3,320,0,0,0,0,1,,,,上海
2020-03-12,346,3,321,0,0,2,0,1,,,,上海
2020-03-13,350,3,324,0,0,4,0,3,,,,上海
2020-03-14,353,3,324,0,0,3,0,0,0.0,,0.0,上海
2020-03-15,355,3,324,0,0,2,0,0,,,,上海
2020-03-16,358,3,325,0,0,3,0,1,,,,上海
2020-03-17,361,3,325,0,0,3,0,0,,,,上海
2020-03-18,363,3,326,0,0,2,0,1,,,,上海
2020-03-19,371,3,326,0,0,8,0,0,,,,上海
2020-03-20,380,3,326,0,0,9,0,0,,,,上海
2020-03-21,394,4,327,0,0,14,1,1,,,,上海
2020-03-22,404,4,328,0,0,10,0,1,,,,上海
2020-03-23,414,4,329,0,0,10,0,1,,,,上海
2020-03-24,433,5,330,0,0,19,1,1,,,,上海
2020-03-25,451,5,330,0,0,18,0,0,,,,上海
2020-01-21,1,0,0,0,0,1,0,0,,,,香港
2020-01-22,1,0,0,0,0,0,0,0,,,,香港
2020-01-23,2,0,0,0,0,1,0,0,,,,香港
2020-01-24,5,0,0,0,0,3,0,0,,,,香港
2020-01-25,5,0,0,0,0,0,0,0,,,,香港
2020-01-26,8,0,0,0,0,3,0,0,,,,香港
2020-01-27,8,0,0,0,0,0,0,0,,,,香港
2020-01-28,8,0,0,0,0,0,0,0,,,,香港
2020-01-29,10,0,0,0,0,2,0,0,,,,香港
2020-01-30,12,0,0,0,0,2,0,0,,,,香港
2020-01-31,13,0,0,0,0,1,0,0,,,,香港
2020-02-01,14,0,0,0,0,1,0,0,,,,香港
2020-02-02,15,0,0,0,0,1,0,0,,,,香港
2020-02-03,15,0,0,0,0,0,0,0,,,,香港
2020-02-04,18,1,0,0,0,3,1,0,,,,香港
2020-02-05,21,1,0,0,0,3,0,0,,,0.0,香港
2020-02-06,24,1,0,0,0,3,0,0,,,0.0,香港
2020-02-07,26,1,0,0,0,2,0,0,,,0.0,香港
2020-02-08,26,1,0,0,0,0,0,0,,,0.0,香港
2020-02-09,36,1,0,0,0,10,0,0,,,0.0,香港
2020-02-10,42,1,0,0,0,6,0,0,,,0.0,香港
2020-02-11,49,1,0,0,0,7,0,0,,,0.0,香港
2020-02-12,50,1,1,0,0,1,0,1,,,0.0,香港
2020-02-13,53,1,1,0,0,3,0,0,,,0.0,香港
2020-02-14,56,1,1,0,0,3,0,0,,,0.0,香港
2020-02-15,56,1,1,0,0,0,0,0,,,0.0,香港
2020-02-16,57,1,2,0,0,1,0,1,,,0.0,香港
2020-02-17,60,1,2,0,0,3,0,0,,,0.0,香港
2020-02-18,62,1,4,0,0,2,0,2,,,0.0,香港
2020-02-19,65,2,5,0,0,3,1,1,,,0.0,香港
2020-02-20,68,2,5,0,0,3,0,0,,,0.0,香港
2020-02-21,68,2,6,0,0,0,0,1,,,0.0,香港
2020-02-22,69,2,11,0,0,1,0,5,,,0.0,香港
2020-02-23,74,2,12,0,0,5,0,1,,,0.0,香港
2020-02-24,81,2,18,0,0,7,0,6,,,0.0,香港
2020-02-25,85,2,18,0,0,4,0,0,,,0.0,香港
2020-02-26,91,2,24,0,0,6,0,6,,,0.0,香港
2020-02-27,93,2,26,0,0,2,0,2,,,0.0,香港
2020-02-28,94,2,30,0,0,1,0,4,,,0.0,香港
2020-02-29,95,2,33,0,0,1,0,3,,,0.0,香港
2020-03-01,98,2,36,0,0,3,0,3,,,0.0,香港
2020-03-02,100,2,36,0,0,2,0,0,0.0,,0.0,香港
2020-03-03,100,2,37,0,0,0,0,1,0.0,,0.0,香港
2020-03-04,104,2,43,0,0,4,0,6,0.0,,0.0,香港
2020-03-05,104,2,46,0,0,0,0,3,0.0,,0.0,香港
2020-03-06,107,2,51,0,0,3,0,5,0.0,,0.0,香港
2020-03-07,109,2,55,0,0,2,0,4,0.0,,0.0,香港
2020-03-08,114,3,59,0,0,5,1,4,0.0,,0.0,香港
2020-03-09,115,3,60,0,0,1,0,1,0.0,,0.0,香港
2020-03-10,120,3,65,0,0,5,0,5,0.0,,0.0,香港
2020-03-11,129,3,67,0,0,9,0,2,0.0,,0.0,香港
2020-03-12,131,3,75,0,0,2,0,8,0.0,,0.0,香港
2020-03-13,137,4,78,0,0,6,1,3,0.0,,0.0,香港
2020-03-14,141,4,81,0,0,4,0,3,0.0,,0.0,香港
2020-03-15,148,4,84,0,0,7,0,3,0.0,,0.0,香港
2020-03-16,157,4,88,0,0,9,0,4,0.0,,0.0,香港
2020-03-17,167,4,92,0,0,10,0,4,0.0,,0.0,香港
2020-03-18,192,4,95,0,0,25,0,3,0.0,,0.0,香港
2020-03-19,208,4,98,0,0,16,0,3,0.0,,0.0,香港
2020-03-20,256,4,98,0,0,48,0,0,0.0,,0.0,香港
2020-03-21,273,4,100,0,0,17,0,2,0.0,,0.0,香港
2020-03-22,317,4,100,0,0,44,0,0,0.0,,0.0,香港
2020-03-23,356,4,101,0,0,39,0,1,0.0,,0.0,香港
2020-03-24,386,4,102,0,0,30,0,1,0.0,,0.0,香港
2020-03-25,410,4,106,0,0,24,0,4,0.0,,0.0,香港
2020-01-23,5,0,0,0,4,5,0,0,,,,福建
2020-01-24,10,0,0,0,7,5,0,0,,,,福建
2020-01-25,18,0,0,0,27,8,0,0,,,,福建
2020-01-26,35,0,0,0,59,17,0,0,,,,福建
2020-01-27,59,0,0,0,68,24,0,0,,,,福建
2020-01-28,82,0,0,0,80,23,0,0,,,,福建
2020-01-29,101,0,0,0,110,19,0,0,,,,福建
2020-01-30,120,0,0,0,116,19,0,0,,,,福建
2020-01-31,144,0,0,0,111,24,0,0,,,,福建
2020-02-01,159,0,0,0,99,15,0,0,,,,福建
2020-02-02,179,0,0,0,96,20,0,0,,,,福建
2020-02-03,194,0,1,0,87,15,0,1,,,,福建
2020-02-04,205,0,7,0,91,11,0,6,,,,福建
2020-02-05,215,0,11,0,0,10,0,4,,,0.0,福建
2020-02-06,224,0,15,0,94,9,0,4,,,45.0,福建
2020-02-07,239,0,20,0,0,15,0,5,,,0.0,福建
2020-02-08,250,0,24,0,0,11,0,4,,,,福建
2020-02-09,261,0,35,0,0,11,0,11,,,0.0,福建
2020-02-10,267,0,39,0,0,6,0,4,,,,福建
2020-02-11,272,0,46,0,0,5,0,7,,,,福建
2020-02-12,279,0,54,0,0,7,0,8,,,,福建
2020-02-13,281,0,59,0,0,2,0,5,,,,福建
2020-02-14,285,0,66,0,0,4,0,7,,,,福建
2020-02-15,287,0,77,0,0,2,0,11,,,,福建
2020-02-16,290,0,84,0,0,3,0,7,,,,福建
2020-02-17,292,0,91,0,0,2,0,7,,,,福建
2020-02-18,293,0,96,0,0,1,0,5,,,,福建
2020-02-19,293,1,112,0,0,0,1,16,,,,福建
2020-02-20,293,1,134,0,0,0,0,22,,,,福建
2020-02-21,293,1,150,0,0,0,0,16,,,,福建
2020-02-22,293,1,165,0,0,0,0,15,,,,福建
2020-02-23,293,1,174,0,0,0,0,9,,,,福建
2020-02-24,294,1,188,0,0,1,0,14,,,,福建
2020-02-25,294,1,205,0,0,0,0,17,,,,福建
2020-02-26,296,1,225,0,0,2,0,20,,,,福建
2020-02-27,296,1,232,0,0,0,0,7,,,,福建
2020-02-28,296,1,241,0,0,0,0,9,,,,福建
2020-02-29,296,1,243,0,0,0,0,2,,,,福建
2020-03-01,296,1,247,0,0,0,0,4,,,,福建
2020-03-02,296,1,255,0,0,0,0,8,,,,福建
2020-03-03,296,1,261,0,0,0,0,6,,,,福建
2020-03-04,296,1,270,0,0,0,0,9,,,,福建
2020-03-05,296,1,278,0,0,0,0,8,,,,福建
2020-03-06,296,1,284,0,0,0,0,6,,,,福建
2020-03-07,296,1,295,0,0,0,0,11,,,,福建
2020-03-08,296,1,295,0,0,0,0,0,,,,福建
2020-03-09,296,1,295,0,0,0,0,0,,,,福建
2020-03-10,296,1,295,0,0,0,0,0,,,,福建
2020-03-11,296,1,295,0,0,0,0,0,,,,福建
2020-03-12,296,1,295,0,0,0,0,0,,,,福建
2020-03-13,296,1,295,0,0,0,0,0,,,,福建
2020-03-14,296,1,295,0,0,0,0,0,,,,福建
2020-03-15,296,1,295,0,0,0,0,0,,,,福建
2020-03-16,296,1,295,0,0,0,0,0,,,,福建
2020-03-17,296,1,295,0,0,0,0,0,,,,福建
2020-03-18,296,1,295,0,0,0,0,0,,,,福建
2020-03-19,299,1,295,0,0,3,0,0,,,,福建
2020-03-20,303,1,295,0,0,4,0,0,,,,福建
2020-03-21,307,1,295,0,0,4,0,0,,,,福建
2020-03-22,313,1,295,0,0,6,0,0,,,,福建
2020-03-23,318,1,295,0,0,5,0,0,,,,福建
2020-03-24,322,1,295,0,0,4,0,0,,,,福建
2020-03-25,328,1,295,0,0,6,0,0,,,,福建
2020-01-24,8,1,0,0,0,8,1,0,,,,河北
2020-01-25,13,1,0,0,5,5,0,0,,,,河北
2020-01-26,18,1,0,0,13,5,0,0,,,,河北
2020-01-27,33,1,0,0,20,15,0,0,,,,河北
2020-01-28,48,1,0,0,56,15,0,0,,,,河北
2020-01-29,65,1,0,0,68,17,0,0,,,,河北
2020-01-30,82,1,0,0,78,17,0,0,,,,河北
2020-01-31,96,1,0,0,88,14,0,0,,,,河北
2020-02-01,104,1,3,0,104,8,0,3,,,,河北
2020-02-02,113,1,3,0,108,9,0,0,,,,河北
2020-02-03,126,1,3,0,93,13,0,0,,,,河北
2020-02-04,135,1,4,0,117,9,0,1,,,,河北
2020-02-05,157,1,7,0,0,22,0,3,,,0.0,河北
2020-02-06,171,1,16,0,117,14,0,9,,,44.0,河北
2020-02-07,195,1,25,0,0,24,0,9,,,0.0,河北
2020-02-08,206,2,30,0,0,11,1,5,,,,河北
2020-02-09,218,2,35,0,0,12,0,5,,,,河北
2020-02-10,239,2,41,0,0,21,0,6,,,,河北
2020-02-11,251,2,48,0,0,12,0,7,,,,河北
2020-02-12,265,3,54,0,0,14,1,6,,,,河北
2020-02-13,283,3,69,0,0,18,0,15,,,,河北
2020-02-14,291,3,86,0,0,8,0,17,,,,河北
2020-02-15,300,3,100,0,0,9,0,14,,,0.0,河北
2020-02-16,301,3,109,0,0,1,0,9,,,,河北
2020-02-17,302,4,123,0,0,1,1,14,,,,河北
2020-02-18,306,4,136,0,0,4,0,13,,,,河北
2020-02-19,307,5,152,0,0,1,1,16,,,,河北
2020-02-20,308,5,170,0,0,1,0,18,,,,河北
2020-02-21,309,6,184,0,0,1,1,14,,,,河北
2020-02-22,311,6,204,0,0,2,0,20,,,,河北
2020-02-23,311,6,221,0,0,0,0,17,,,,河北
2020-02-24,311,6,241,0,0,0,0,20,,,,河北
2020-02-25,312,6,248,0,0,1,0,7,,,,河北
2020-02-26,317,6,261,0,0,5,0,13,,,,河北
2020-02-27,318,6,274,0,0,1,0,13,,,,河北
2020-02-28,318,6,277,0,0,0,0,3,,,,河北
2020-02-29,318,6,283,0,0,0,0,6,,,,河北
2020-03-01,318,6,294,0,0,0,0,11,,,,河北
2020-03-02,318,6,297,0,0,0,0,3,,,,河北
2020-03-03,318,6,300,0,0,0,0,3,,,,河北
2020-03-04,318,6,301,0,0,0,0,1,,,,河北
2020-03-05,318,6,304,0,0,0,0,3,,,,河北
2020-03-06,318,6,305,0,0,0,0,1,,,,河北
2020-03-07,318,6,307,0,0,0,0,2,,,,河北
2020-03-08,318,6,307,0,0,0,0,0,,,,河北
2020-03-09,318,6,307,0,0,0,0,0,,,,河北
2020-03-10,318,6,307,0,0,0,0,0,,,,河北
2020-03-11,318,6,307,0,0,0,0,0,,,,河北
2020-03-12,318,6,310,0,0,0,0,3,,,,河北
2020-03-13,318,6,310,0,0,0,0,0,,,,河北
2020-03-14,318,6,310,0,0,0,0,0,,,,河北
2020-03-15,318,6,310,0,0,0,0,0,,,,河北
2020-03-16,318,6,310,0,0,0,0,0,,,,河北
2020-03-17,318,6,310,0,0,0,0,0,,,,河北
2020-03-18,318,6,310,0,0,0,0,0,,,,河北
2020-03-19,318,6,310,0,0,0,0,0,,,,河北
2020-03-20,318,6,310,0,0,0,0,0,,,,河北
2020-03-21,319,6,310,0,0,1,0,0,,,,河北
2020-03-22,319,6,310,0,0,0,0,0,,,,河北
2020-03-23,319,6,310,0,0,0,0,0,,,,河北
2020-03-24,319,6,310,0,0,0,0,0,,,,河北
2020-03-25,319,6,310,0,0,0,0,0,,,,河北
2020-01-22,5,0,0,0,3,5,0,0,,,,广西
2020-01-23,13,0,0,0,2,8,0,0,,,,广西
2020-01-24,23,0,0,0,6,10,0,0,,,,广西
2020-01-25,33,0,0,0,21,10,0,0,,,,广西
2020-01-26,46,0,0,0,40,13,0,0,,,,广西
2020-01-27,51,0,0,0,11,5,0,0,,,,广西
2020-01-28,58,0,2,0,118,7,0,2,,,,广西
2020-01-29,78,0,2,0,155,20,0,0,,,,广西
2020-01-30,87,0,2,0,256,9,0,0,,,,广西
2020-01-31,100,0,2,0,288,13,0,0,,,,广西
2020-02-01,111,0,2,0,319,11,0,0,,,,广西
2020-02-02,127,0,2,0,330,16,0,0,,,,广西
2020-02-03,139,0,7,0,364,12,0,5,,,,广西
2020-02-04,150,0,10,0,396,11,0,3,,,,广西
2020-02-05,168,0,14,0,0,18,0,4,,,0.0,广西
2020-02-06,172,0,17,0,340,4,0,3,,,142.0,广西
2020-02-07,183,0,14,0,340,11,0,0,,,0.0,广西
2020-02-08,195,1,18,0,0,12,1,4,,,,广西
2020-02-09,210,1,20,0,0,15,0,2,,,,广西
2020-02-10,215,1,30,0,0,5,0,10,,,,广西
2020-02-11,222,1,31,0,0,7,0,1,,,,广西
2020-02-12,222,2,33,0,0,0,1,2,,,,广西
2020-02-13,226,2,35,0,0,4,0,2,,,,广西
2020-02-14,235,2,40,0,0,9,0,5,,,,广西
2020-02-15,237,2,46,0,0,2,0,6,,,,广西
2020-02-16,238,2,51,0,0,1,0,5,,,,广西
2020-02-17,242,2,59,0,0,4,0,8,,,,广西
2020-02-18,244,2,76,0,0,2,0,17,,,,广西
2020-02-19,245,2,87,0,0,1,0,11,,,,广西
2020-02-20,246,2,95,0,0,1,0,8,,,,广西
2020-02-21,249,2,99,0,0,3,0,4,,,,广西
2020-02-22,249,2,104,0,0,0,0,5,,,,广西
2020-02-23,251,2,107,0,0,2,0,3,,,,广西
2020-02-24,252,2,129,0,0,1,0,22,,,,广西
2020-02-25,252,2,138,0,0,0,0,9,,,,广西
2020-02-26,252,2,159,0,0,0,0,21,,,,广西
2020-02-27,252,2,166,0,0,0,0,7,,,,广西
2020-02-28,252,2,172,0,0,0,0,6,,,,广西
2020-02-29,252,2,179,0,0,0,0,7,,,,广西
2020-03-01,252,2,188,0,0,0,0,9,,,,广西
2020-03-02,252,2,202,0,0,0,0,14,,,,广西
2020-03-03,252,2,210,0,0,0,0,8,,,,广西
2020-03-04,252,2,213,0,0,0,0,3,,,,广西
2020-03-05,252,2,217,0,0,0,0,4,,,,广西
2020-03-06,252,2,219,0,0,0,0,2,,,,广西
2020-03-07,252,2,223,0,0,0,0,4,,,,广西
2020-03-08,252,2,230,0,0,0,0,7,,,,广西
2020-03-09,252,2,234,0,0,0,0,4,,,,广西
2020-03-10,252,2,237,0,0,0,0,3,,,,广西
2020-03-11,252,2,241,0,0,0,0,4,,,,广西
2020-03-12,252,2,243,0,0,0,0,2,,,,广西
2020-03-13,252,2,243,0,0,0,0,0,,,,广西
2020-03-14,252,2,243,0,0,0,0,0,,,,广西
2020-03-15,252,2,247,0,0,0,0,4,,,,广西
2020-03-16,253,2,248,0,0,1,0,1,,,,广西
2020-03-17,253,2,250,0,0,0,0,2,,,,广西
2020-03-18,253,2,250,0,0,0,0,0,,,,广西
2020-03-19,254,2,250,0,0,1,0,0,,,,广西
2020-03-20,254,2,250,0,0,0,0,0,,,,广西
2020-03-21,254,2,250,0,0,0,0,0,,,,广西
2020-03-22,254,2,250,0,0,0,0,0,,,,广西
2020-03-23,254,2,250,0,0,0,0,0,,,,广西
2020-03-24,254,2,250,0,0,0,0,0,,,,广西
2020-03-25,254,2,250,0,0,0,0,0,,,,广西
2020-01-23,3,0,0,0,0,3,0,0,,,,陕西
2020-01-24,5,0,0,0,0,2,0,0,,,,陕西
2020-01-25,15,0,0,0,0,10,0,0,,,,陕西
2020-01-26,22,0,0,0,0,7,0,0,,,,陕西
2020-01-27,35,0,0,0,0,13,0,0,,,,陕西
2020-01-28,46,0,0,0,0,11,0,0,,,,陕西
2020-01-29,63,0,0,0,116,17,0,0,,,,陕西
2020-01-30,87,0,0,0,132,24,0,0,,,,陕西
2020-01-31,101,0,0,0,158,14,0,0,,,,陕西
2020-02-01,116,0,0,0,201,15,0,0,,,,陕西
2020-02-02,128,0,0,0,205,12,0,0,,,,陕西
2020-02-03,142,0,0,0,221,14,0,0,,,,陕西
2020-02-04,165,0,0,0,215,23,0,0,,,,陕西
2020-02-05,173,0,6,0,0,8,0,6,,,0.0,陕西
2020-02-06,184,0,11,0,360,11,0,5,,,70.0,陕西
2020-02-07,195,0,17,0,360,11,0,6,,,0.0,陕西
2020-02-08,208,0,20,0,0,13,0,3,,,,陕西
2020-02-09,213,0,27,0,0,5,0,7,,,,陕西
2020-02-10,219,0,31,0,0,6,0,4,,,,陕西
2020-02-11,225,0,36,0,0,6,0,5,,,,陕西
2020-02-12,229,0,42,0,0,4,0,6,,,,陕西
2020-02-13,230,0,49,0,0,1,0,7,,,,陕西
2020-02-14,232,0,53,0,0,2,0,4,,,,陕西
2020-02-15,236,0,64,0,0,4,0,11,,,,陕西
2020-02-16,240,0,74,0,0,4,0,10,,,,陕西
2020-02-17,240,0,79,0,0,0,0,5,,,,陕西
2020-02-18,242,0,89,0,0,2,0,10,,,,陕西
2020-02-19,245,1,105,0,0,3,1,16,,,,陕西
2020-02-20,245,1,117,0,0,0,0,12,,,,陕西
2020-02-21,245,1,140,0,0,0,0,23,,,,陕西
2020-02-22,245,1,153,0,0,0,0,13,,,,陕西
2020-02-23,245,1,162,0,0,0,0,9,,,,陕西
2020-02-24,245,1,175,0,0,0,0,13,,,,陕西
2020-02-25,245,1,186,0,0,0,0,11,,,,陕西
2020-02-26,245,1,194,0,0,0,0,8,,,,陕西
2020-02-27,245,1,197,0,0,0,0,3,,,,陕西
2020-02-28,245,1,200,0,0,0,0,3,,,,陕西
2020-02-29,245,1,207,0,0,0,0,7,,,,陕西
2020-03-01,245,1,209,0,0,0,0,2,,,,陕西
2020-03-02,245,1,216,0,0,0,0,7,,,,陕西
2020-03-03,245,1,218,0,0,0,0,2,,,,陕西
2020-03-04,245,1,222,0,0,0,0,4,,,,陕西
2020-03-05,245,1,224,0,0,0,0,2,,,,陕西
2020-03-06,245,1,226,0,0,0,0,2,,,,陕西
2020-03-07,245,1,226,0,0,0,0,0,,,,陕西
2020-03-08,245,1,227,0,0,0,0,1,,,,陕西
2020-03-09,245,1,227,0,0,0,0,0,,,,陕西
2020-03-10,245,1,227,0,0,0,0,0,,,,陕西
2020-03-11,245,2,232,0,0,0,1,5,,,,陕西
2020-03-12,245,2,232,0,0,0,0,0,,,,陕西
2020-03-13,245,2,232,0,0,0,0,0,,,,陕西
2020-03-14,245,2,232,0,0,0,0,0,,,,陕西
2020-03-15,245,2,232,0,0,0,0,0,,,,陕西
2020-03-16,246,3,233,0,0,1,1,1,,,,陕西
2020-03-17,246,3,236,0,0,0,0,3,,,,陕西
2020-03-18,246,3,237,0,0,0,0,1,0.0,,0.0,陕西
2020-03-19,246,3,237,0,0,0,0,0,,,,陕西
2020-03-20,248,3,239,0,0,2,0,2,,,,陕西
2020-03-21,248,3,239,0,0,0,0,0,,,,陕西
2020-03-22,248,3,239,0,0,0,0,0,,,,陕西
2020-03-23,248,3,240,0,0,0,0,1,,,,陕西
2020-03-24,249,3,240,0,0,1,0,0,,,,陕西
2020-03-25,252,3,242,0,0,3,0,2,,,,陕西
2020-03-26,253,3,242,0,0,1,0,0,,,,陕西
2020-01-21,1,0,1,0,0,1,0,1,,,,台湾
2020-01-22,1,0,1,0,0,0,0,0,,,,台湾
2020-01-23,1,0,1,0,0,0,0,0,,,,台湾
2020-01-24,3,0,1,0,0,2,0,0,,,,台湾
2020-01-25,3,0,1,0,0,0,0,0,,,,台湾
2020-01-26,4,0,1,0,0,1,0,0,,,,台湾
2020-01-27,5,0,0,0,0,1,0,0,,,,台湾
2020-01-28,8,0,0,0,0,3,0,0,,,,台湾
2020-01-29,8,0,0,0,0,0,0,0,,,,台湾
2020-01-30,9,0,0,0,0,1,0,0,,,,台湾
2020-01-31,10,0,0,0,0,1,0,0,,,,台湾
2020-02-01,10,0,0,0,0,0,0,0,,,,台湾
2020-02-02,10,0,0,0,0,0,0,0,,,,台湾
2020-02-03,10,0,0,0,0,0,0,0,,,,台湾
2020-02-04,11,0,0,0,0,1,0,0,,,,台湾
2020-02-05,11,0,0,0,0,0,0,0,,,0.0,台湾
2020-02-06,16,0,1,0,0,5,0,1,,,0.0,台湾
2020-02-07,17,0,1,0,0,1,0,0,,,0.0,台湾
2020-02-08,17,0,1,0,0,0,0,0,,,0.0,台湾
2020-02-09,18,0,1,0,0,1,0,0,,,0.0,台湾
2020-02-10,18,0,1,0,0,0,0,0,,,0.0,台湾
2020-02-11,18,0,1,0,0,0,0,0,,,0.0,台湾
2020-02-12,18,0,1,0,0,0,0,0,,,0.0,台湾
2020-02-13,18,0,1,0,0,0,0,0,,,0.0,台湾
2020-02-14,18,0,1,0,0,0,0,0,,,0.0,台湾
2020-02-15,18,0,2,0,0,0,0,1,,,0.0,台湾
2020-02-16,20,1,2,0,0,2,1,0,,,0.0,台湾
2020-02-17,22,1,2,0,0,2,0,0,,,0.0,台湾
2020-02-18,22,1,2,0,0,0,0,0,,,0.0,台湾
2020-02-19,24,1,2,0,0,2,0,0,,,0.0,台湾
2020-02-20,24,1,2,0,0,0,0,0,,,0.0,台湾
2020-02-21,26,1,2,0,0,2,0,0,,,0.0,台湾
2020-02-22,26,1,2,0,0,0,0,0,,,0.0,台湾
2020-02-23,28,1,5,0,0,2,0,3,,,0.0,台湾
2020-02-24,30,1,5,0,0,2,0,0,,,0.0,台湾
2020-02-25,31,1,5,0,0,1,0,0,,,0.0,台湾
2020-02-26,32,1,5,0,0,1,0,0,,,0.0,台湾
2020-02-27,32,1,6,0,0,0,0,1,,,0.0,台湾
2020-02-28,34,1,9,0,0,2,0,3,,,0.0,台湾
2020-02-29,39,1,9,0,0,5,0,0,,,0.0,台湾
2020-03-01,40,1,12,0,0,1,0,3,,,0.0,台湾
2020-03-02,41,1,12,0,0,1,0,0,,,0.0,台湾
2020-03-03,42,1,12,0,0,1,0,0,,,0.0,台湾
2020-03-04,42,1,12,0,0,0,0,0,,,,台湾
2020-03-05,44,1,12,0,0,2,0,0,0.0,,0.0,台湾
2020-03-06,45,1,12,0,0,1,0,0,0.0,,0.0,台湾
2020-03-07,45,1,13,0,0,0,0,1,0.0,,0.0,台湾
2020-03-08,45,1,15,0,0,0,0,2,0.0,,0.0,台湾
2020-03-09,45,1,15,0,0,0,0,0,,,,台湾
2020-03-10,47,1,17,0,0,2,0,2,0.0,,0.0,台湾
2020-03-11,48,1,17,0,0,1,0,0,0.0,,0.0,台湾
2020-03-12,49,1,20,0,0,1,0,3,0.0,,0.0,台湾
2020-03-13,50,1,20,0,0,1,0,0,0.0,,0.0,台湾
2020-03-14,53,1,20,0,0,3,0,0,0.0,,0.0,台湾
2020-03-15,59,1,20,0,0,6,0,0,0.0,,0.0,台湾
2020-03-16,67,1,22,0,0,8,0,2,0.0,,0.0,台湾
2020-03-17,77,1,22,0,0,10,0,0,0.0,,0.0,台湾
2020-03-18,100,1,22,0,0,23,0,0,0.0,,0.0,台湾
2020-03-19,108,1,26,0,0,8,0,4,0.0,,0.0,台湾
2020-03-20,135,2,28,0,0,27,1,2,0.0,,0.0,台湾
2020-03-21,153,2,28,0,0,18,0,0,0.0,,0.0,台湾
2020-03-22,169,2,28,0,0,16,0,0,0.0,,0.0,台湾
2020-03-23,195,2,29,0,0,26,0,1,0.0,,0.0,台湾
2020-03-24,216,2,29,0,0,21,0,0,0.0,,0.0,台湾
2020-03-25,235,2,29,0,0,19,0,0,0.0,,0.0,台湾
2020-01-22,1,0,0,0,0,1,0,0,,,,云南
2020-01-23,2,0,0,0,1,1,0,0,,,,云南
2020-01-24,5,0,0,0,4,3,0,0,,,,云南
2020-01-25,11,0,0,0,29,6,0,0,,,,云南
2020-01-26,21,0,0,0,75,10,0,0,,,,云南
2020-01-27,32,0,0,0,104,11,0,0,,,,云南
2020-01-28,51,0,0,0,163,19,0,0,,,,云南
2020-01-29,70,0,0,0,191,19,0,0,,,,云南
2020-01-30,80,0,0,0,236,10,0,0,,,,云南
2020-01-31,91,0,1,0,228,11,0,1,,,,云南
2020-02-01,99,0,2,0,261,8,0,1,,,,云南
2020-02-02,109,0,3,0,252,10,0,1,,,,云南
2020-02-03,117,0,5,0,225,8,0,2,,,,云南
2020-02-04,122,0,5,0,172,5,0,0,,,,云南
2020-02-05,128,0,5,0,0,6,0,0,,,0.0,云南
2020-02-06,135,0,7,0,0,7,0,2,,,0.0,云南
2020-02-07,138,0,12,0,0,3,0,5,,,0.0,云南
2020-02-08,140,0,17,0,0,2,0,5,,,,云南
2020-02-09,141,0,18,0,0,1,0,1,,,,云南
2020-02-10,149,0,19,0,0,8,0,1,,,,云南
2020-02-11,154,0,20,0,0,5,0,1,,,0.0,云南
2020-02-12,155,0,23,0,0,1,0,3,,,,云南
2020-02-13,162,0,27,0,0,7,0,4,,,0.0,云南
2020-02-14,168,0,35,0,0,6,0,8,,,,云南
2020-02-15,169,0,42,0,0,1,0,7,,,,云南
2020-02-16,171,0,42,0,0,2,0,0,,,,云南
2020-02-17,172,0,47,0,0,1,0,5,,,,云南
2020-02-18,172,0,57,0,0,0,0,10,,,,云南
2020-02-19,172,1,60,0,0,0,1,3,,,,云南
2020-02-20,174,2,79,0,0,2,1,19,,,,云南
2020-02-21,174,2,96,0,0,0,0,17,,,,云南
2020-02-22,174,2,107,0,0,0,0,11,,,,云南
2020-02-23,174,2,115,0,0,0,0,8,,,,云南
2020-02-24,174,2,124,0,0,0,0,9,,,,云南
2020-02-25,174,2,129,0,0,0,0,5,,,,云南
2020-02-26,174,2,144,0,0,0,0,15,,,,云南
2020-02-27,174,2,150,0,0,0,0,6,,,,云南
2020-02-28,174,2,156,0,0,0,0,6,,,0.0,云南
2020-02-29,174,2,157,0,0,0,0,1,,,,云南
2020-03-01,174,2,163,0,0,0,0,6,,,,云南
2020-03-02,174,2,168,0,0,0,0,5,,,0.0,云南
2020-03-03,174,2,169,0,0,0,0,1,,,,云南
2020-03-04,174,2,169,0,0,0,0,0,,,,云南
2020-03-05,174,2,169,0,0,0,0,0,,,,云南
2020-03-06,174,2,170,0,0,0,0,1,,,,云南
2020-03-07,174,2,170,0,0,0,0,0,,,,云南
2020-03-08,174,2,170,0,0,0,0,0,,,,云南
2020-03-09,174,2,170,0,0,0,0,0,,,,云南
2020-03-10,174,2,170,0,0,0,0,0,,,,云南
2020-03-11,174,2,170,0,0,0,0,0,,,,云南
2020-03-12,174,2,170,0,0,0,0,0,0.0,,0.0,云南
2020-03-13,174,2,170,0,0,0,0,0,0.0,,0.0,云南
2020-03-14,174,2,172,0,0,0,0,2,0.0,,0.0,云南
2020-03-15,175,2,172,0,0,1,0,0,,,,云南
2020-03-16,176,2,172,0,0,1,0,0,,,,云南
2020-03-17,176,2,172,0,0,0,0,0,,,,云南
2020-03-18,176,2,172,0,0,0,0,0,,,,云南
2020-03-19,176,2,172,0,0,0,0,0,,,,云南
2020-03-20,176,2,172,0,0,0,0,0,,,,云南
2020-03-21,176,2,172,0,0,0,0,0,,,,云南
2020-03-22,176,2,172,0,0,0,0,0,,,,云南
2020-03-23,176,2,172,0,0,0,0,0,,,,云南
2020-03-24,176,2,172,0,0,0,0,0,,,,云南
2020-03-25,178,2,172,0,0,2,0,0,,,,云南
2020-01-23,5,0,0,0,0,5,0,0,,,,海南
2020-01-24,10,0,0,0,0,5,0,0,,,,海南
2020-01-25,20,0,0,0,1,10,0,0,,,,海南
2020-01-26,27,0,0,0,0,7,0,0,,,,海南
2020-01-27,38,1,0,0,21,11,1,0,,,,海南
2020-01-28,43,1,0,0,48,5,0,0,,,,海南
2020-01-29,46,1,1,0,66,3,0,1,,,,海南
2020-01-30,49,1,1,0,73,3,0,0,,,,海南
2020-01-31,57,1,1,0,95,8,0,0,,,,海南
2020-02-01,63,1,1,0,101,6,0,0,,,,海南
2020-02-02,70,1,4,0,113,7,0,3,,,,海南
2020-02-03,79,1,4,0,109,9,0,0,,,,海南
2020-02-04,89,1,4,0,118,10,0,0,,,,海南
2020-02-05,100,1,5,0,0,11,0,1,,,0.0,海南
2020-02-06,111,2,8,0,150,11,1,3,,,53.0,海南
2020-02-07,123,2,11,0,150,12,0,3,,,0.0,海南
2020-02-08,128,2,15,0,0,5,0,4,,,,海南
2020-02-09,136,3,19,0,0,8,1,4,,,,海南
2020-02-10,142,3,19,0,0,6,0,0,,,,海南
2020-02-11,145,3,20,0,0,3,0,1,,,,海南
2020-02-12,157,4,27,0,0,12,1,7,,,,海南
2020-02-13,157,4,30,0,0,0,0,3,,,,海南
2020-02-14,162,4,38,0,0,5,0,8,,,,海南
2020-02-15,162,4,39,0,0,0,0,1,,,,海南
2020-02-16,162,4,52,0,0,0,0,13,,,,海南
2020-02-17,163,4,59,0,0,1,0,7,,,,海南
2020-02-18,163,4,79,0,0,0,0,20,,,,海南
2020-02-19,168,4,84,0,0,5,0,5,,,0.0,海南
2020-02-20,168,4,89,0,0,0,0,5,,,,海南
2020-02-21,168,4,96,0,0,0,0,7,,,,海南
2020-02-22,168,4,104,0,0,0,0,8,,,,海南
2020-02-23,168,5,106,0,0,0,1,2,,,,海南
2020-02-24,168,5,116,0,0,0,0,10,,,,海南
2020-02-25,168,5,124,0,0,0,0,8,,,,海南
2020-02-26,168,5,129,0,0,0,0,5,,,,海南
2020-02-27,168,5,132,0,0,0,0,3,,,,海南
2020-02-28,168,5,136,0,0,0,0,4,,,,海南
2020-02-29,168,5,148,0,0,0,0,12,,,,海南
2020-03-01,168,5,151,0,0,0,0,3,,,,海南
2020-03-02,168,5,151,0,0,0,0,0,,,,海南
2020-03-03,168,5,155,0,0,0,0,4,,,,海南
2020-03-04,168,5,158,0,0,0,0,3,,,,海南
2020-03-05,168,6,158,0,0,0,1,0,,,,海南
2020-03-06,168,6,158,0,0,0,0,0,,,,海南
2020-03-07,168,6,158,0,0,0,0,0,,,,海南
2020-03-08,168,6,159,0,0,0,0,1,,,,海南
2020-03-09,168,6,159,0,0,0,0,0,,,,海南
2020-03-10,168,6,159,0,0,0,0,0,,,,海南
2020-03-11,168,6,160,0,0,0,0,1,,,,海南
2020-03-12,168,6,160,0,0,0,0,0,,,,海南
2020-03-13,168,6,160,0,0,0,0,0,,,,海南
2020-03-14,168,6,160,0,0,0,0,0,,,,海南
2020-03-15,168,6,160,0,0,0,0,0,,,,海南
2020-03-16,168,6,161,0,0,0,0,1,,,,海南
2020-03-17,168,6,161,0,0,0,0,0,,,,海南
2020-03-18,168,6,161,0,0,0,0,0,,,,海南
2020-03-19,168,6,161,0,0,0,0,0,,,,海南
2020-03-20,168,6,161,0,0,0,0,0,,,,海南
2020-03-21,168,6,161,0,0,0,0,0,,,,海南
2020-03-22,168,6,161,0,0,0,0,0,,,,海南
2020-03-23,168,6,161,0,0,0,0,0,,,,海南
2020-03-24,168,6,162,0,0,0,0,1,,,,海南
2020-03-25,168,6,162,0,0,0,0,0,,,,海南
2020-01-24,8,0,0,0,51,8,0,0,,,,天津
2020-01-25,10,0,0,0,61,2,0,0,,,,天津
2020-01-26,15,0,0,0,85,5,0,0,,,,天津
2020-01-27,23,0,0,0,88,8,0,0,,,,天津
2020-01-28,25,0,0,0,103,2,0,0,,,,天津
2020-01-29,27,0,0,0,104,2,0,0,,,,天津
2020-01-30,32,0,0,0,150,5,0,0,,,,天津
2020-01-31,34,0,0,0,142,2,0,0,,,,天津
2020-02-01,45,0,0,0,112,11,0,0,,,,天津
2020-02-02,49,0,1,0,133,4,0,1,,,,天津
2020-02-03,63,0,1,0,168,14,0,0,,,,天津
2020-02-04,67,0,2,0,190,4,0,1,,,,天津
2020-02-05,69,1,2,0,0,2,1,0,,,0.0,天津
2020-02-06,79,1,2,0,228,10,0,0,,,101.0,天津
2020-02-07,81,1,2,0,228,2,0,0,,,0.0,天津
2020-02-08,88,1,4,0,0,7,0,2,,,,天津
2020-02-09,91,1,4,0,0,3,0,0,,,,天津
2020-02-10,95,2,8,0,0,4,1,4,,,0.0,天津
2020-02-11,106,2,10,0,0,11,0,2,,,0.0,天津
2020-02-12,112,3,11,0,0,6,1,1,,,,天津
2020-02-13,119,3,21,0,0,7,0,10,,,,天津
2020-02-14,120,3,32,0,0,1,0,11,,,,天津
2020-02-15,122,3,37,0,0,2,0,5,,,,天津
2020-02-16,124,3,45,0,0,2,0,8,,,,天津
2020-02-17,125,3,46,0,0,1,0,1,,,,天津
2020-02-18,128,3,48,0,0,3,0,2,,,,天津
2020-02-19,130,3,54,0,0,2,0,6,,,,天津
2020-02-20,131,3,59,0,0,1,0,5,,,,天津
2020-02-21,133,3,62,0,0,2,0,3,,,,天津
2020-02-22,135,3,65,0,0,2,0,3,,,0.0,天津
2020-02-23,135,3,81,0,0,0,0,16,,,,天津
2020-02-24,135,3,87,0,0,0,0,6,,,,天津
2020-02-25,135,3,91,0,0,0,0,4,,,,天津
2020-02-26,135,3,96,0,0,0,0,5,,,,天津
2020-02-27,136,3,102,0,0,1,0,6,,,,天津
2020-02-28,136,3,105,0,0,0,0,3,,,,天津
2020-02-29,136,3,109,0,0,0,0,4,,,,天津
2020-03-01,136,3,118,0,0,0,0,9,,,,天津
2020-03-02,136,3,118,0,0,0,0,0,,,,天津
2020-03-03,136,3,124,0,0,0,0,6,,,,天津
2020-03-04,136,3,128,0,0,0,0,4,,,,天津
2020-03-05,136,3,128,0,0,0,0,0,,,,天津
2020-03-06,136,3,128,0,0,0,0,0,,,,天津
2020-03-07,136,3,128,0,0,0,0,0,,,,天津
2020-03-08,136,3,129,0,0,0,0,1,,,,天津
2020-03-09,136,3,130,0,0,0,0,1,,,,天津
2020-03-10,136,3,131,0,0,0,0,1,,,,天津
2020-03-11,136,3,132,0,0,0,0,1,,,,天津
2020-03-12,136,3,132,0,0,0,0,0,,,,天津
2020-03-13,136,3,132,0,0,0,0,0,,,,天津
2020-03-14,136,3,132,0,0,0,0,0,,,,天津
2020-03-15,136,3,133,0,0,0,0,1,,,,天津
2020-03-16,136,3,133,0,0,0,0,0,,,,天津
2020-03-17,136,3,133,0,0,0,0,0,,,,天津
2020-03-18,136,3,133,0,0,0,0,0,,,,天津
2020-03-19,137,3,133,0,0,1,0,0,,,,天津
2020-03-20,137,3,133,0,0,0,0,0,,,,天津
2020-03-21,137,3,133,0,0,0,0,0,,,,天津
2020-03-22,137,3,133,0,0,0,0,0,,,,天津
2020-03-23,141,3,133,0,0,4,0,0,,,,天津
2020-03-24,145,3,133,0,0,4,0,0,,,,天津
2020-03-25,147,3,133,0,0,2,0,0,,,,天津
2020-01-21,0,0,0,0,1,0,0,0,,,,贵州
2020-01-22,3,0,0,0,0,3,0,0,,,,贵州
2020-01-23,3,0,0,0,0,0,0,0,,,,贵州
2020-01-24,4,0,0,0,0,1,0,0,,,,贵州
2020-01-25,5,0,0,0,2,1,0,0,,,,贵州
2020-01-26,7,0,0,0,3,2,0,0,,,,贵州
2020-01-27,9,0,0,0,1,2,0,0,,,,贵州
2020-01-28,9,0,1,0,3,0,0,1,,,,贵州
2020-01-29,12,0,1,0,6,3,0,0,,,,贵州
2020-01-30,15,0,1,0,75,3,0,0,,,,贵州
2020-01-31,29,0,2,0,67,14,0,1,,,,贵州
2020-02-01,38,0,2,0,59,9,0,0,,,,贵州
2020-02-02,46,0,2,0,41,8,0,0,,,,贵州
2020-02-03,56,0,2,0,33,10,0,0,,,,贵州
2020-02-04,64,0,5,0,33,8,0,3,,,,贵州
2020-02-05,69,1,6,0,0,5,1,1,,,0.0,贵州
2020-02-06,77,1,6,0,54,8,0,0,,,38.0,贵州
2020-02-07,81,1,6,0,0,4,0,0,,,,贵州
2020-02-08,96,1,7,0,0,15,0,1,,,,贵州
2020-02-09,109,1,7,0,0,13,0,0,,,0.0,贵州
2020-02-10,118,1,10,0,0,9,0,3,,,,贵州
2020-02-11,131,1,17,0,0,13,0,7,,,0.0,贵州
2020-02-12,135,1,20,0,0,4,0,3,,,,贵州
2020-02-13,140,1,28,0,0,5,0,8,,,,贵州
2020-02-14,143,1,33,0,0,3,0,5,,,,贵州
2020-02-15,144,1,39,0,0,1,0,6,,,,贵州
2020-02-16,146,1,47,0,0,2,0,8,,,,贵州
2020-02-17,146,1,66,0,0,0,0,19,,,,贵州
2020-02-18,146,2,69,0,0,0,1,3,,,,贵州
2020-02-19,146,2,71,0,0,0,0,2,,,,贵州
2020-02-20,146,2,76,0,0,0,0,5,,,,贵州
2020-02-21,146,2,90,0,0,0,0,14,,,,贵州
2020-02-22,146,2,91,0,0,0,0,1,,,,贵州
2020-02-23,146,2,102,0,0,0,0,11,,,,贵州
2020-02-24,146,2,103,0,0,0,0,1,,,,贵州
2020-02-25,146,2,104,0,0,0,0,1,,,,贵州
2020-02-26,146,2,112,0,0,0,0,8,,,,贵州
2020-02-27,146,2,112,0,0,0,0,0,,,,贵州
2020-02-28,146,2,112,0,0,0,0,0,,,,贵州
2020-02-29,146,2,112,0,0,0,0,0,,,,贵州
2020-03-01,146,2,114,0,0,0,0,2,,,,贵州
2020-03-02,146,2,114,0,0,0,0,0,,,,贵州
2020-03-03,146,2,114,0,0,0,0,0,,,,贵州
2020-03-04,146,2,114,0,0,0,0,0,,,,贵州
2020-03-05,146,2,114,0,0,0,0,0,,,,贵州
2020-03-06,146,2,115,0,0,0,0,1,,,,贵州
2020-03-07,146,2,117,0,0,0,0,2,,,,贵州
2020-03-08,146,2,123,0,0,0,0,6,,,,贵州
2020-03-09,146,2,129,0,0,0,0,6,,,,贵州
2020-03-10,146,2,133,0,0,0,0,4,,,,贵州
2020-03-11,146,2,137,0,0,0,0,4,,,,贵州
2020-03-12,146,2,140,0,0,0,0,3,,,,贵州
2020-03-13,146,2,143,0,0,0,0,3,,,,贵州
2020-03-14,146,2,143,0,0,0,0,0,,,,贵州
2020-03-15,146,2,143,0,0,0,0,0,,,,贵州
2020-03-16,146,2,144,0,0,0,0,1,,,,贵州
2020-03-17,146,2,144,0,0,0,0,0,,,,贵州
2020-03-18,146,2,144,0,0,0,0,0,,,,贵州
2020-03-19,146,2,144,0,0,0,0,0,,,,贵州
2020-03-20,146,2,144,0,0,0,0,0,,,,贵州
2020-03-21,146,2,144,0,0,0,0,0,,,,贵州
2020-03-22,146,2,144,0,0,0,0,0,,,,贵州
2020-03-23,146,2,144,0,0,0,0,0,,,,贵州
2020-03-24,146,2,144,0,0,0,0,0,,,,贵州
2020-03-25,146,2,144,0,0,0,0,0,,,,贵州
2020-01-26,14,0,0,0,6,14,0,0,,,0.0,甘肃
2020-01-27,19,0,0,0,2,5,0,0,,,,甘肃
2020-01-28,24,0,0,0,5,5,0,0,,,,甘肃
2020-01-29,26,0,0,0,8,2,0,0,,,,甘肃
2020-01-30,30,0,0,0,15,4,0,0,,,,甘肃
2020-01-31,35,0,0,0,15,5,0,0,,,,甘肃
2020-02-01,40,0,0,0,20,5,0,0,,,,甘肃
2020-02-02,51,0,3,0,9,11,0,3,,,,甘肃
2020-02-03,56,0,3,0,9,5,0,0,,,,甘肃
2020-02-04,57,0,6,0,18,1,0,3,,,,甘肃
2020-02-05,62,0,6,0,0,5,0,0,,,0.0,甘肃
2020-02-06,67,0,9,0,0,5,0,3,,,6.0,甘肃
2020-02-07,71,1,9,0,0,4,1,0,,,0.0,甘肃
2020-02-08,79,1,12,0,0,8,0,3,,,,甘肃
2020-02-09,83,2,16,0,0,4,1,4,,,,甘肃
2020-02-10,86,2,21,0,0,3,0,5,,,,甘肃
2020-02-11,86,2,24,0,0,0,0,3,,,,甘肃
2020-02-12,87,2,31,0,0,1,0,7,,,,甘肃
2020-02-13,90,2,39,0,0,3,0,8,,,,甘肃
2020-02-14,90,2,44,0,0,0,0,5,,,,甘肃
2020-02-15,90,2,49,0,0,0,0,5,,,,甘肃
2020-02-16,90,2,54,0,0,0,0,5,,,,甘肃
2020-02-17,91,2,58,0,0,1,0,4,,,,甘肃
2020-02-18,91,2,62,0,0,0,0,4,,,,甘肃
2020-02-19,91,2,65,0,0,0,0,3,,,,甘肃
2020-02-20,91,2,71,0,0,0,0,6,,,,甘肃
2020-02-21,91,2,76,0,0,0,0,5,,,,甘肃
2020-02-22,91,2,76,0,0,0,0,0,,,,甘肃
2020-02-23,91,2,78,0,0,0,0,2,,,,甘肃
2020-02-24,91,2,80,0,0,0,0,2,,,,甘肃
2020-02-25,91,2,80,0,0,0,0,0,,,,甘肃
2020-02-26,91,2,81,0,0,0,0,1,,,,甘肃
2020-02-27,91,2,82,0,0,0,0,1,,,,甘肃
2020-02-28,91,2,82,0,0,0,0,0,,,,甘肃
2020-02-29,91,2,82,0,0,0,0,0,,,,甘肃
2020-03-01,91,2,84,0,0,0,0,2,,,,甘肃
2020-03-02,91,2,85,0,0,0,0,1,,,,甘肃
2020-03-03,91,2,86,0,0,0,0,1,,,,甘肃
2020-03-04,91,2,87,0,0,0,0,1,,,,甘肃
2020-03-05,102,2,87,0,0,11,0,0,,,,甘肃
2020-03-06,119,2,87,0,0,17,0,0,,,,甘肃
2020-03-07,120,2,87,0,0,1,0,0,,,,甘肃
2020-03-08,124,2,87,0,0,4,0,0,,,,甘肃
2020-03-09,124,2,88,0,0,0,0,1,,,,甘肃
2020-03-10,125,2,88,0,0,1,0,0,,,,甘肃
2020-03-11,127,2,88,0,0,2,0,0,,,,甘肃
2020-03-12,127,2,88,0,0,0,0,0,,,,甘肃
2020-03-13,129,2,89,0,0,2,0,1,0.0,,0.0,甘肃
2020-03-14,132,2,91,0,0,3,0,2,,,,甘肃
2020-03-15,133,2,91,0,0,1,0,0,,,,甘肃
2020-03-16,133,2,91,0,0,0,0,0,,,,甘肃
2020-03-17,133,2,91,0,0,0,0,0,,,,甘肃
2020-03-18,133,2,91,0,0,0,0,0,,,,甘肃
2020-03-19,134,2,98,0,0,1,0,7,,,,甘肃
2020-03-20,134,2,113,0,0,0,0,15,,,,甘肃
2020-03-21,134,2,113,0,0,0,0,0,,,,甘肃
2020-03-22,136,2,114,0,0,2,0,1,,,,甘肃
2020-03-23,136,2,118,0,0,0,0,4,,,,甘肃
2020-03-24,136,2,119,0,0,0,0,1,,,,甘肃
2020-03-25,136,2,121,0,0,0,0,2,,,,甘肃
2020-01-24,6,0,0,0,19,6,0,0,,,,山西
2020-01-25,9,0,0,0,28,3,0,0,,,,山西
2020-01-26,13,0,0,0,57,4,0,0,,,,山西
2020-01-27,20,0,0,0,44,7,0,0,,,,山西
2020-01-28,27,0,0,0,41,7,0,0,,,,山西
2020-01-29,35,0,0,0,54,8,0,0,,,,山西
2020-01-30,39,0,1,0,67,4,0,1,,,,山西
2020-01-31,47,0,1,0,75,8,0,0,,,,山西
2020-02-01,56,0,1,0,64,9,0,0,,,,山西
2020-02-02,66,0,2,0,64,10,0,1,,,,山西
2020-02-03,74,0,2,0,62,8,0,0,,,,山西
2020-02-04,81,0,4,0,42,7,0,2,,,,山西
2020-02-05,90,0,6,0,0,9,0,2,,,0.0,山西
2020-02-06,96,0,12,0,54,6,0,6,,,22.0,山西
2020-02-07,104,0,15,0,0,8,0,3,,,0.0,山西
2020-02-08,115,0,21,0,0,11,0,6,,,,山西
2020-02-09,119,0,25,0,0,4,0,4,,,0.0,山西
2020-02-10,122,0,26,0,0,3,0,1,,,,山西
2020-02-11,124,0,30,0,0,2,0,4,,,,山西
2020-02-12,126,0,33,0,0,2,0,3,,,,山西
2020-02-13,126,0,36,0,0,0,0,3,,,,山西
2020-02-14,127,0,38,0,0,1,0,2,,,,山西
2020-02-15,128,0,46,0,0,1,0,8,,,,山西
2020-02-16,129,0,50,0,32,1,0,4,,,5.0,山西
2020-02-17,130,0,53,0,0,1,0,3,,,,山西
2020-02-18,131,0,61,0,0,1,0,8,,,,山西
2020-02-19,131,0,68,0,0,0,0,7,,,0.0,山西
2020-02-20,132,0,76,0,0,1,0,8,,,,山西
2020-02-21,132,0,78,0,0,0,0,2,,,,山西
2020-02-22,132,0,81,0,0,0,0,3,,,,山西
2020-02-23,132,0,88,0,0,0,0,7,,,,山西
2020-02-24,133,0,94,0,0,1,0,6,,,0.0,山西
2020-02-25,133,0,98,0,0,0,0,4,,,0.0,山西
2020-02-26,133,0,104,0,0,0,0,6,,,,山西
2020-02-27,133,0,107,0,0,0,0,3,,,,山西
2020-02-28,133,0,112,0,0,0,0,5,,,,山西
2020-02-29,133,0,114,0,0,0,0,2,,,,山西
2020-03-01,133,0,116,0,0,0,0,2,,,0.0,山西
2020-03-02,133,0,119,0,0,0,0,3,,,0.0,山西
2020-03-03,133,0,124,0,0,0,0,5,,,,山西
2020-03-04,133,0,124,0,0,0,0,0,,,,山西
2020-03-05,133,0,126,0,0,0,0,2,,,,山西
2020-03-06,133,0,126,0,0,0,0,0,,,,山西
2020-03-07,133,0,126,0,0,0,0,0,,,,山西
2020-03-08,133,0,126,0,0,0,0,0,,,,山西
2020-03-09,133,0,127,0,0,0,0,1,,,,山西
2020-03-10,133,0,131,0,0,0,0,4,0.0,,0.0,山西
2020-03-11,133,0,131,0,0,0,0,0,,,,山西
2020-03-12,133,0,132,0,0,0,0,1,,,,山西
2020-03-13,133,0,133,0,0,0,0,1,0.0,,0.0,山西
2020-03-14,133,0,133,0,0,0,0,0,0.0,,0.0,山西
2020-03-15,133,0,133,0,0,0,0,0,,,,山西
2020-03-16,133,0,133,0,0,0,0,0,,,,山西
2020-03-17,133,0,133,0,0,0,0,0,,,,山西
2020-03-18,133,0,133,0,0,0,0,0,,,,山西
2020-03-19,133,0,133,0,0,0,0,0,,,,山西
2020-03-20,133,0,133,0,0,0,0,0,,,,山西
2020-03-21,133,0,133,0,0,0,0,0,,,,山西
2020-03-22,133,0,133,0,0,0,0,0,,,,山西
2020-03-23,134,0,133,0,0,1,0,0,,,,山西
2020-03-24,134,0,133,0,0,0,0,0,,,,山西
2020-03-25,135,0,133,0,0,1,0,0,,,,山西
2020-01-22,2,0,0,0,0,2,0,0,,,,辽宁
2020-01-23,4,0,0,0,0,2,0,0,,,,辽宁
2020-01-24,12,0,0,0,0,8,0,0,,,,辽宁
2020-01-25,17,0,0,0,24,5,0,0,,,,辽宁
2020-01-26,22,0,0,0,40,5,0,0,,,,辽宁
2020-01-27,27,0,0,0,52,5,0,0,,,,辽宁
2020-01-28,36,0,0,0,72,9,0,0,,,,辽宁
2020-01-29,39,0,1,0,85,3,0,1,,,,辽宁
2020-01-30,45,0,1,0,89,6,0,0,,,,辽宁
2020-01-31,60,0,1,0,122,15,0,0,,,,辽宁
2020-02-01,64,0,1,0,116,4,0,0,,,,辽宁
2020-02-02,70,0,1,0,113,6,0,0,,,,辽宁
2020-02-03,74,0,1,0,120,4,0,0,,,,辽宁
2020-02-04,81,0,2,0,127,7,0,1,,,,辽宁
2020-02-05,89,0,4,0,0,8,0,2,,,0.0,辽宁
2020-02-06,94,0,5,0,71,5,0,1,,,47.0,辽宁
2020-02-07,103,0,8,0,71,9,0,3,,,0.0,辽宁
2020-02-08,105,0,8,0,0,2,0,0,,,,辽宁
2020-02-09,108,0,12,0,0,3,0,4,,,,辽宁
2020-02-10,111,0,18,0,0,3,0,6,,,0.0,辽宁
2020-02-11,116,0,19,0,0,5,0,1,,,0.0,辽宁
2020-02-12,116,1,20,0,0,0,1,1,,,,辽宁
2020-02-13,117,1,22,0,0,1,0,2,,,,辽宁
2020-02-14,119,1,29,0,0,2,0,7,,,,辽宁
2020-02-15,120,1,32,0,0,1,0,3,,,0.0,辽宁
2020-02-16,121,1,41,0,0,1,0,9,,,,辽宁
2020-02-17,121,1,43,0,0,0,0,2,,,,辽宁
2020-02-18,121,1,55,0,0,0,0,12,,,,辽宁
2020-02-19,121,1,58,0,0,0,0,3,,,,辽宁
2020-02-20,121,1,61,0,0,0,0,3,,,,辽宁
2020-02-21,121,1,66,0,0,0,0,5,,,,辽宁
2020-02-22,121,1,68,0,0,0,0,2,,,,辽宁
2020-02-23,121,1,73,0,0,0,0,5,,,,辽宁
2020-02-24,121,1,83,0,0,0,0,10,,,,辽宁
2020-02-25,121,1,88,0,0,0,0,5,,,,辽宁
2020-02-26,121,1,92,0,0,0,0,4,,,,辽宁
2020-02-27,121,1,93,0,0,0,0,1,,,,辽宁
2020-02-28,121,1,95,0,0,0,0,2,,,,辽宁
2020-02-29,122,1,101,0,0,1,0,6,,,,辽宁
2020-03-01,122,1,103,0,0,0,0,2,,,,辽宁
2020-03-02,125,1,103,0,0,3,0,0,,,,辽宁
2020-03-03,125,1,106,0,0,0,0,3,,,,辽宁
2020-03-04,125,1,106,0,0,0,0,0,,,,辽宁
2020-03-05,125,1,106,0,0,0,0,0,,,,辽宁
2020-03-06,125,1,106,0,0,0,0,0,,,,辽宁
2020-03-07,125,1,108,0,0,0,0,2,,,,辽宁
2020-03-08,125,1,109,0,0,0,0,1,,,,辽宁
2020-03-09,125,1,110,0,0,0,0,1,,,,辽宁
2020-03-10,125,1,111,0,0,0,0,1,,,,辽宁
2020-03-11,125,1,111,0,0,0,0,0,,,,辽宁
2020-03-12,125,1,112,0,0,0,0,1,,,,辽宁
2020-03-13,125,1,113,0,0,0,0,1,,,,辽宁
2020-03-14,125,1,113,0,0,0,0,0,,,,辽宁
2020-03-15,125,1,114,0,0,0,0,1,,,,辽宁
2020-03-16,125,1,119,0,0,0,0,5,,,,辽宁
2020-03-17,125,1,122,0,0,0,0,3,,,,辽宁
2020-03-18,125,1,122,0,0,0,0,0,,,,辽宁
2020-03-19,126,2,122,0,0,1,1,0,0.0,,0.0,辽宁
2020-03-20,126,2,122,0,0,0,0,0,,,,辽宁
2020-03-21,126,2,122,0,0,0,0,0,,,,辽宁
2020-03-22,126,2,124,0,0,0,0,2,,,,辽宁
2020-03-23,127,2,124,0,0,1,0,0,,,,辽宁
2020-03-24,127,2,124,0,0,0,0,0,,,,辽宁
2020-03-25,127,2,124,0,0,0,0,0,,,,辽宁
2020-01-23,3,0,0,0,0,3,0,0,,,,吉林
2020-01-24,4,0,0,0,0,1,0,0,,,,吉林
2020-01-25,4,0,0,0,3,0,0,0,,,,吉林
2020-01-26,6,0,0,0,3,2,0,0,,,,吉林
2020-01-27,8,0,0,0,3,2,0,0,,,,吉林
2020-01-28,9,0,0,0,2,1,0,0,,,,吉林
2020-01-29,14,0,0,0,10,5,0,0,,,,吉林
2020-01-30,14,0,1,0,10,0,0,1,,,,吉林
2020-01-31,17,0,1,0,10,3,0,0,,,,吉林
2020-02-01,23,0,1,0,14,6,0,0,,,,吉林
2020-02-02,31,0,1,0,17,8,0,0,,,,吉林
2020-02-03,42,0,1,0,24,11,0,0,,,,吉林
2020-02-04,54,0,1,0,58,12,0,0,,,,吉林
2020-02-05,59,0,2,0,0,5,0,1,,,0.0,吉林
2020-02-06,65,1,4,0,71,6,1,2,,,29.0,吉林
2020-02-07,69,1,4,0,71,4,0,0,,,0.0,吉林
2020-02-08,78,1,5,0,0,9,0,1,,,,吉林
2020-02-09,80,1,12,0,0,2,0,7,,,,吉林
2020-02-10,81,1,13,0,0,1,0,1,,,,吉林
2020-02-11,83,1,18,0,0,2,0,5,,,,吉林
2020-02-12,84,1,22,0,0,1,0,4,,,,吉林
2020-02-13,86,1,25,0,0,2,0,3,,,,吉林
2020-02-14,88,1,25,0,0,2,0,0,,,,吉林
2020-02-15,89,1,28,0,0,1,0,3,,,,吉林
2020-02-16,89,1,30,0,0,0,0,2,,,,吉林
2020-02-17,89,1,34,0,0,0,0,4,,,,吉林
2020-02-18,90,1,36,0,0,1,0,2,,,,吉林
2020-02-19,91,1,40,0,0,1,0,4,,,,吉林
2020-02-20,91,1,44,0,0,0,0,4,,,,吉林
2020-02-21,91,1,46,0,0,0,0,2,,,,吉林
2020-02-22,91,1,52,0,0,0,0,6,,,,吉林
2020-02-23,93,1,54,0,0,2,0,2,,,,吉林
2020-02-24,93,1,60,0,0,0,0,6,,,,吉林
2020-02-25,93,1,63,0,0,0,0,3,,,,吉林
2020-02-26,93,1,65,0,0,0,0,2,,,,吉林
2020-02-27,93,1,68,0,0,0,0,3,,,,吉林
2020-02-28,93,1,73,0,0,0,0,5,,,,吉林
2020-02-29,93,1,75,0,0,0,0,2,,,,吉林
2020-03-01,93,1,78,0,0,0,0,3,,,,吉林
2020-03-02,93,1,83,0,0,0,0,5,,,,吉林
2020-03-03,93,1,84,0,0,0,0,1,,,,吉林
2020-03-04,93,1,86,0,0,0,0,2,,,,吉林
2020-03-05,93,1,88,0,0,0,0,2,,,,吉林
2020-03-06,93,1,90,0,0,0,0,2,,,,吉林
2020-03-07,93,1,90,0,0,0,0,0,,,,吉林
2020-03-08,93,1,90,0,0,0,0,0,,,,吉林
2020-03-09,93,1,91,0,0,0,0,1,,,,吉林
2020-03-10,93,1,91,0,0,0,0,0,,,,吉林
2020-03-11,93,1,91,0,0,0,0,0,,,,吉林
2020-03-12,93,1,91,0,0,0,0,0,,,,吉林
2020-03-13,93,1,91,0,0,0,0,0,,,,吉林
2020-03-14,93,1,91,0,0,0,0,0,,,,吉林
2020-03-15,93,1,92,0,0,0,0,1,,,,吉林
2020-03-16,93,1,92,0,0,0,0,0,,,,吉林
2020-03-17,93,1,92,0,0,0,0,0,,,,吉林
2020-03-18,93,1,92,0,0,0,0,0,,,,吉林
2020-03-19,93,1,92,0,0,0,0,0,,,,吉林
2020-03-20,93,1,92,0,0,0,0,0,,,,吉林
2020-03-21,93,1,92,0,0,0,0,0,,,,吉林
2020-03-22,93,1,92,0,0,0,0,0,,,,吉林
2020-03-23,93,1,92,0,0,0,0,0,,,,吉林
2020-03-24,94,1,92,0,0,1,0,0,,,,吉林
2020-03-25,95,1,92,0,0,1,0,0,,,,吉林
2020-01-24,2,0,0,0,5,2,0,0,,,,内蒙古
2020-01-25,7,0,0,0,0,5,0,0,,,,内蒙古
2020-01-26,11,0,0,0,1,4,0,0,,,,内蒙古
2020-01-27,13,0,0,0,2,2,0,0,,,,内蒙古
2020-01-28,16,0,0,0,3,3,0,0,,,,内蒙古
2020-01-29,18,0,0,0,0,2,0,0,,,,内蒙古
2020-01-30,20,0,1,0,1,2,0,1,,,,内蒙古
2020-01-31,23,0,1,0,4,3,0,0,,,,内蒙古
2020-02-01,26,0,1,0,7,3,0,0,,,,内蒙古
2020-02-02,33,0,1,0,4,7,0,0,,,,内蒙古
2020-02-03,37,0,1,0,2,4,0,0,,,,内蒙古
2020-02-04,42,0,1,0,1,5,0,0,,,,内蒙古
2020-02-05,46,0,4,0,0,4,0,3,,,0.0,内蒙古
2020-02-06,46,0,4,0,0,0,0,0,,,0.0,内蒙古
2020-02-07,52,0,5,0,0,6,0,1,,,0.0,内蒙古
2020-02-08,54,0,5,0,0,2,0,0,,,,内蒙古
2020-02-09,58,0,5,0,0,4,0,0,,,,内蒙古
2020-02-10,58,0,5,0,0,0,0,0,,,,内蒙古
2020-02-11,60,0,5,0,0,2,0,0,,,,内蒙古
2020-02-12,61,0,6,0,0,1,0,1,,,,内蒙古
2020-02-13,65,0,6,0,0,4,0,0,,,,内蒙古
2020-02-14,68,0,6,0,0,3,0,0,,,,内蒙古
2020-02-15,70,0,7,0,0,2,0,1,,,,内蒙古
2020-02-16,72,0,8,0,0,2,0,1,,,,内蒙古
2020-02-17,73,0,8,0,0,1,0,0,,,,内蒙古
2020-02-18,75,0,9,0,0,2,0,1,,,,内蒙古
2020-02-19,75,0,11,0,0,0,0,2,,,,内蒙古
2020-02-20,75,0,16,0,0,0,0,5,,,,内蒙古
2020-02-21,75,0,22,0,0,0,0,6,,,,内蒙古
2020-02-22,75,0,26,0,0,0,0,4,,,,内蒙古
2020-02-23,75,0,30,0,0,0,0,4,,,,内蒙古
2020-02-24,75,0,34,0,0,0,0,4,,,,内蒙古
2020-02-25,75,0,35,0,0,0,0,1,,,,内蒙古
2020-02-26,75,0,38,0,0,0,0,3,,,,内蒙古
2020-02-27,75,0,43,0,0,0,0,5,,,,内蒙古
2020-02-28,75,0,46,0,0,0,0,3,,,,内蒙古
2020-02-29,75,0,51,0,0,0,0,5,,,,内蒙古
2020-03-01,75,0,51,0,0,0,0,0,,,,内蒙古
2020-03-02,75,0,54,0,0,0,0,3,,,,内蒙古
2020-03-03,75,1,59,0,0,0,1,5,,,,内蒙古
2020-03-04,75,1,63,0,0,0,0,4,,,,内蒙古
2020-03-05,75,1,65,0,0,0,0,2,,,,内蒙古
2020-03-06,75,1,65,0,0,0,0,0,,,,内蒙古
2020-03-07,75,1,68,0,0,0,0,3,,,,内蒙古
2020-03-08,75,1,70,0,0,0,0,2,,,,内蒙古
2020-03-09,75,1,70,0,0,0,0,0,,,,内蒙古
2020-03-10,75,1,70,0,0,0,0,0,,,,内蒙古
2020-03-11,75,1,71,0,0,0,0,1,,,,内蒙古
2020-03-12,75,1,71,0,0,0,0,0,,,,内蒙古
2020-03-13,75,1,71,0,0,0,0,0,,,,内蒙古
2020-03-14,75,1,71,0,0,0,0,0,,,,内蒙古
2020-03-15,75,1,71,0,0,0,0,0,,,,内蒙古
2020-03-16,75,1,73,0,0,0,0,2,,,,内蒙古
2020-03-17,75,1,73,0,0,0,0,0,,,,内蒙古
2020-03-18,75,1,74,0,0,0,0,1,,,,内蒙古
2020-03-19,75,1,74,0,0,0,0,0,,,,内蒙古
2020-03-20,75,1,74,0,0,0,0,0,,,,内蒙古
2020-03-21,75,1,74,0,0,0,0,0,,,,内蒙古
2020-03-22,75,1,74,0,0,0,0,0,,,,内蒙古
2020-03-23,75,1,74,0,0,0,0,0,,,,内蒙古
2020-03-24,77,1,74,0,2,2,0,0,0.0,,0.0,内蒙古
2020-03-25,89,1,74,0,0,12,0,0,,,,内蒙古
2020-01-21,0,0,0,0,0,0,0,0,,,,新疆
2020-01-22,0,0,0,0,0,0,0,0,,,,新疆
2020-01-23,2,0,0,0,3,2,0,0,,,,新疆
2020-01-24,3,0,0,0,0,1,0,0,,,,新疆
2020-01-25,4,0,0,0,1,1,0,0,,,,新疆
2020-01-26,5,0,0,0,6,1,0,0,,,,新疆
2020-01-27,10,0,0,0,2,5,0,0,,,,新疆
2020-01-28,13,0,0,0,3,3,0,0,,,,新疆
2020-01-29,14,0,0,0,22,1,0,0,,,,新疆
2020-01-30,17,0,0,0,28,3,0,0,,,,新疆
2020-01-31,18,0,0,0,19,1,0,0,,,,新疆
2020-02-01,21,0,0,0,21,3,0,0,,,,新疆
2020-02-02,24,0,0,0,26,3,0,0,,,,新疆
2020-02-03,29,0,0,0,33,5,0,0,,,,新疆
2020-02-04,32,0,0,0,46,3,0,0,,,,新疆
2020-02-05,36,0,0,0,0,4,0,0,,,0.0,新疆
2020-02-06,39,0,0,0,39,3,0,0,,,16.0,新疆
2020-02-07,42,0,0,0,0,3,0,0,,,,新疆
2020-02-08,45,0,0,0,0,3,0,0,,,,新疆
2020-02-09,49,0,0,0,0,4,0,0,,,,新疆
2020-02-10,55,0,0,0,0,6,0,0,,,,新疆
2020-02-11,59,0,3,0,0,4,0,3,,,,新疆
2020-02-12,63,1,3,0,0,4,1,0,,,,新疆
2020-02-13,65,1,6,0,0,2,0,3,,,0.0,新疆
2020-02-14,70,1,6,0,0,5,0,0,,,,新疆
2020-02-15,71,1,11,0,0,1,0,5,,,,新疆
2020-02-16,75,1,12,0,0,4,0,1,,,,新疆
2020-02-17,76,1,12,0,0,1,0,0,,,,新疆
2020-02-18,76,1,14,0,0,0,0,2,,,,新疆
2020-02-19,76,1,20,0,0,0,0,6,,,,新疆
2020-02-20,76,1,22,0,0,0,0,2,,,,新疆
2020-02-21,76,2,24,0,0,0,1,2,,,,新疆
2020-02-22,76,2,25,0,0,0,0,1,,,,新疆
2020-02-23,76,2,28,0,0,0,0,3,,,,新疆
2020-02-24,76,2,30,0,0,0,0,2,,,,新疆
2020-02-25,76,2,30,0,0,0,0,0,,,,新疆
2020-02-26,76,2,34,0,0,0,0,4,,,,新疆
2020-02-27,76,3,43,0,0,0,1,9,,,,新疆
2020-02-28,76,3,52,0,0,0,0,9,,,,新疆
2020-02-29,76,3,62,0,0,0,0,10,,,,新疆
2020-03-01,76,3,64,0,0,0,0,2,,,,新疆
2020-03-02,76,3,67,0,0,0,0,3,,,,新疆
2020-03-03,76,3,68,0,0,0,0,1,,,,新疆
2020-03-04,76,3,69,0,0,0,0,1,,,,新疆
2020-03-05,76,3,70,0,0,0,0,1,,,,新疆
2020-03-06,76,3,71,0,0,0,0,1,,,,新疆
2020-03-07,76,3,72,0,0,0,0,1,,,,新疆
2020-03-08,76,3,73,0,0,0,0,1,,,,新疆
2020-03-09,76,3,73,0,0,0,0,0,,,,新疆
2020-03-10,76,3,73,0,0,0,0,0,,,,新疆
2020-03-11,76,3,73,0,0,0,0,0,,,,新疆
2020-03-12,76,3,73,0,0,0,0,0,,,,新疆
2020-03-13,76,3,73,0,0,0,0,0,,,,新疆
2020-03-14,76,3,73,0,0,0,0,0,,,,新疆
2020-03-15,76,3,73,0,0,0,0,0,,,,新疆
2020-03-16,76,3,73,0,0,0,0,0,,,,新疆
2020-03-17,76,3,73,0,0,0,0,0,,,,新疆
2020-03-18,76,3,73,0,0,0,0,0,,,,新疆
2020-03-19,76,3,73,0,0,0,0,0,,,,新疆
2020-03-20,76,3,73,0,0,0,0,0,,,,新疆
2020-03-21,76,3,73,0,0,0,0,0,,,,新疆
2020-03-22,76,3,73,0,0,0,0,0,,,,新疆
2020-03-23,76,3,73,0,0,0,0,0,,,,新疆
2020-03-24,76,3,73,0,0,0,0,0,,,,新疆
2020-01-24,3,0,0,0,1,3,0,0,,,,宁夏
2020-01-25,4,0,0,0,1,1,0,0,,,,宁夏
2020-01-26,7,0,0,0,0,3,0,0,,,,宁夏
2020-01-27,11,0,0,0,0,4,0,0,,,,宁夏
2020-01-28,12,0,0,0,2,1,0,0,,,,宁夏
2020-01-29,17,0,0,0,1,5,0,0,,,,宁夏
2020-01-30,21,0,0,0,1,4,0,0,,,,宁夏
2020-01-31,26,0,0,0,1,5,0,0,,,,宁夏
2020-02-01,28,0,0,0,8,2,0,0,,,,宁夏
2020-02-02,31,0,1,0,12,3,0,1,,,,宁夏
2020-02-03,34,0,1,0,18,3,0,0,,,,宁夏
2020-02-04,34,0,1,0,24,0,0,0,,,,宁夏
2020-02-05,40,0,1,0,0,6,0,0,,,0.0,宁夏
2020-02-06,43,0,1,0,45,3,0,0,,,6.0,宁夏
2020-02-07,44,0,3,0,0,1,0,2,,,,宁夏
2020-02-08,45,0,13,0,0,1,0,10,,,,宁夏
2020-02-09,49,0,13,0,0,4,0,0,,,,宁夏
2020-02-10,53,0,14,0,0,4,0,1,,,,宁夏
2020-02-11,58,0,22,0,0,5,0,8,,,0.0,宁夏
2020-02-12,64,0,24,0,0,6,0,2,,,,宁夏
2020-02-13,67,0,24,0,0,3,0,0,,,,宁夏
2020-02-14,70,0,27,0,0,3,0,3,,,,宁夏
2020-02-15,70,0,33,0,0,0,0,6,,,,宁夏
2020-02-16,70,0,33,0,0,0,0,0,,,,宁夏
2020-02-17,70,0,35,0,0,0,0,2,,,,宁夏
2020-02-18,71,0,42,0,0,1,0,7,,,,宁夏
2020-02-19,71,0,42,0,0,0,0,0,,,,宁夏
2020-02-20,71,0,44,0,0,0,0,2,,,,宁夏
2020-02-21,71,0,48,0,0,0,0,4,,,,宁夏
2020-02-22,71,0,48,0,0,0,0,0,,,,宁夏
2020-02-23,71,0,57,0,0,0,0,9,,,,宁夏
2020-02-24,71,0,58,0,0,0,0,1,,,,宁夏
2020-02-25,71,0,61,0,0,0,0,3,,,,宁夏
2020-02-26,72,0,65,0,0,1,0,4,,,,宁夏
2020-02-27,72,0,68,0,0,0,0,3,,,,宁夏
2020-02-28,73,0,68,0,0,1,0,0,,,,宁夏
2020-02-29,73,0,69,0,0,0,0,1,,,,宁夏
2020-03-01,74,0,69,0,0,1,0,0,,,,宁夏
2020-03-02,74,0,69,0,0,0,0,0,,,,宁夏
2020-03-03,75,0,69,0,0,1,0,0,,,,宁夏
2020-03-04,75,0,69,0,0,0,0,0,,,,宁夏
2020-03-05,75,0,69,0,0,0,0,0,,,,宁夏
2020-03-06,75,0,71,0,0,0,0,2,,,,宁夏
2020-03-07,75,0,71,0,0,0,0,0,,,,宁夏
2020-03-08,75,0,71,0,0,0,0,0,,,,宁夏
2020-03-09,75,0,71,0,0,0,0,0,,,,宁夏
2020-03-10,75,0,71,0,0,0,0,0,,,,宁夏
2020-03-11,75,0,73,0,0,0,0,2,,,,宁夏
2020-03-12,75,0,73,0,0,0,0,0,,,,宁夏
2020-03-13,75,0,73,0,0,0,0,0,,,,宁夏
2020-03-14,75,0,73,0,0,0,0,0,,,,宁夏
2020-03-15,75,0,73,0,0,0,0,0,,,,宁夏
2020-03-16,75,0,75,0,0,0,0,2,,,,宁夏
2020-03-17,75,0,75,0,0,0,0,0,,,,宁夏
2020-03-18,75,0,75,0,0,0,0,0,,,,宁夏
2020-03-19,75,0,75,0,0,0,0,0,,,,宁夏
2020-03-20,75,0,75,0,0,0,0,0,,,,宁夏
2020-03-21,75,0,75,0,0,0,0,0,,,,宁夏
2020-03-22,75,0,75,0,0,0,0,0,,,,宁夏
2020-03-23,75,0,75,0,0,0,0,0,,,,宁夏
2020-03-24,75,0,75,0,0,0,0,0,,,,宁夏
2020-01-21,1,0,1,0,0,1,0,1,,,,澳门
2020-01-22,1,0,1,0,0,0,0,0,,,,澳门
2020-01-23,2,0,1,0,0,1,0,0,,,,澳门
2020-01-24,2,0,1,0,0,0,0,0,,,,澳门
2020-01-25,2,0,1,0,0,0,0,0,,,,澳门
2020-01-26,5,0,1,0,0,3,0,0,,,,澳门
2020-01-27,7,0,1,0,0,2,0,0,,,,澳门
2020-01-28,7,0,0,0,0,0,0,0,,,,澳门
2020-01-29,7,0,0,0,0,0,0,0,,,,澳门
2020-01-30,7,0,0,0,0,0,0,0,,,,澳门
2020-01-31,7,0,0,0,0,0,0,0,,,,澳门
2020-02-01,7,0,0,0,0,0,0,0,,,,澳门
2020-02-02,8,0,0,0,0,1,0,0,,,,澳门
2020-02-03,8,0,0,0,0,0,0,0,,,,澳门
2020-02-04,10,0,0,0,0,2,0,0,,,,澳门
2020-02-05,10,0,0,0,0,0,0,0,,,0.0,澳门
2020-02-06,10,0,1,0,0,0,0,1,,,0.0,澳门
2020-02-07,10,0,1,0,0,0,0,0,,,0.0,澳门
2020-02-08,10,0,1,0,0,0,0,0,,,0.0,澳门
2020-02-09,10,0,1,0,0,0,0,0,,,0.0,澳门
2020-02-10,10,0,1,0,0,0,0,0,,,0.0,澳门
2020-02-11,10,0,1,0,0,0,0,0,,,0.0,澳门
2020-02-12,10,0,2,0,0,0,0,1,,,0.0,澳门
2020-02-13,10,0,3,0,0,0,0,1,,,0.0,澳门
2020-02-14,10,0,3,0,0,0,0,0,,,0.0,澳门
2020-02-15,10,0,3,0,0,0,0,0,,,0.0,澳门
2020-02-16,10,0,5,0,0,0,0,2,,,0.0,澳门
2020-02-17,10,0,5,0,0,0,0,0,,,0.0,澳门
2020-02-18,10,0,6,0,0,0,0,1,,,0.0,澳门
2020-02-19,10,0,6,0,0,0,0,0,,,0.0,澳门
2020-02-20,10,0,6,0,0,0,0,0,,,0.0,澳门
2020-02-21,10,0,6,0,0,0,0,0,,,0.0,澳门
2020-02-22,10,0,6,0,0,0,0,0,,,0.0,澳门
2020-02-23,10,0,6,0,0,0,0,0,,,0.0,澳门
2020-02-24,10,0,6,0,0,0,0,0,,,0.0,澳门
2020-02-25,10,0,7,0,0,0,0,1,,,0.0,澳门
2020-02-26,10,0,7,0,0,0,0,0,,,,澳门
2020-02-27,10,0,8,0,0,0,0,1,,,0.0,澳门
2020-02-28,10,0,8,0,0,0,0,0,,,,澳门
2020-02-29,10,0,8,0,0,0,0,0,,,,澳门
2020-03-01,10,0,8,0,0,0,0,0,,,,澳门
2020-03-02,10,0,8,0,0,0,0,0,,,,澳门
2020-03-03,10,0,9,0,0,0,0,1,0.0,,0.0,澳门
2020-03-04,10,0,9,0,0,0,0,0,,,,澳门
2020-03-05,10,0,9,0,0,0,0,0,,,,澳门
2020-03-06,10,0,10,0,0,0,0,1,0.0,,0.0,澳门
2020-03-07,10,0,10,0,0,0,0,0,,,,澳门
2020-03-08,10,0,10,0,0,0,0,0,,,,澳门
2020-03-09,10,0,10,0,0,0,0,0,,,,澳门
2020-03-10,10,0,10,0,0,0,0,0,,,,澳门
2020-03-11,10,0,10,0,0,0,0,0,,,,澳门
2020-03-12,10,0,10,0,0,0,0,0,,,,澳门
2020-03-13,10,0,10,0,0,0,0,0,,,,澳门
2020-03-14,10,0,10,0,0,0,0,0,,,,澳门
2020-03-15,11,0,10,0,0,1,0,0,0.0,,0.0,澳门
2020-03-16,11,0,10,0,0,0,0,0,,,,澳门
2020-03-17,13,0,10,0,0,2,0,0,0.0,,0.0,澳门
2020-03-18,15,0,10,0,0,2,0,0,0.0,,0.0,澳门
2020-03-19,17,0,10,0,0,2,0,0,0.0,,0.0,澳门
2020-03-20,17,0,10,0,0,0,0,0,,,,澳门
2020-03-21,18,0,10,0,0,1,0,0,0.0,,0.0,澳门
2020-03-22,21,0,10,0,0,3,0,0,0.0,,0.0,澳门
2020-03-23,25,0,10,0,0,4,0,0,0.0,,0.0,澳门
2020-03-24,26,0,10,0,0,1,0,0,0.0,,0.0,澳门
2020-03-25,30,0,10,0,0,4,0,0,0.0,,0.0,澳门
2020-03-26,31,0,10,0,0,1,0,0,0.0,,0.0,澳门
2020-01-26,4,0,0,0,0,4,0,0,,,,青海
2020-01-27,6,0,0,0,0,2,0,0,,,,青海
2020-01-28,6,0,0,0,0,0,0,0,,,,青海
2020-01-29,6,0,0,0,1,0,0,0,,,,青海
2020-01-30,8,0,0,0,0,2,0,0,,,,青海
2020-01-31,8,0,0,0,1,0,0,0,,,0.0,青海
2020-02-01,9,0,0,0,2,1,0,0,,,,青海
2020-02-02,13,0,0,0,0,4,0,0,,,,青海
2020-02-03,15,0,0,0,0,2,0,0,,,,青海
2020-02-04,17,0,0,0,0,2,0,0,,,,青海
2020-02-05,18,0,3,0,0,1,0,3,,,0.0,青海
2020-02-06,18,0,3,0,0,0,0,0,,,0.0,青海
2020-02-07,18,0,3,0,0,0,0,0,,,,青海
2020-02-08,18,0,3,0,0,0,0,0,,,,青海
2020-02-09,18,0,3,0,0,0,0,0,,,,青海
2020-02-10,18,0,3,0,0,0,0,0,,,,青海
2020-02-11,18,0,5,0,0,0,0,2,,,,青海
2020-02-12,18,0,9,0,0,0,0,4,,,,青海
2020-02-13,18,0,11,0,0,0,0,2,,,,青海
2020-02-14,18,0,11,0,0,0,0,0,,,,青海
2020-02-15,18,0,13,0,0,0,0,2,,,,青海
2020-02-16,18,0,13,0,0,0,0,0,,,,青海
2020-02-17,18,0,13,0,0,0,0,0,,,,青海
2020-02-18,18,0,15,0,0,0,0,2,,,,青海
2020-02-19,18,0,16,0,0,0,0,1,,,,青海
2020-02-20,18,0,16,0,0,0,0,0,,,,青海
2020-02-21,18,0,18,0,0,0,0,2,,,,青海
2020-02-22,18,0,18,0,0,0,0,0,,,,青海
2020-02-23,18,0,18,0,0,0,0,0,,,,青海
2020-02-24,18,0,18,0,0,0,0,0,,,,青海
2020-02-25,18,0,18,0,0,0,0,0,,,,青海
2020-02-26,18,0,18,0,0,0,0,0,,,,青海
2020-02-27,18,0,18,0,0,0,0,0,,,,青海
2020-02-28,18,0,18,0,0,0,0,0,,,,青海
2020-02-29,18,0,18,0,0,0,0,0,,,,青海
2020-03-01,18,0,18,0,0,0,0,0,,,,青海
2020-03-02,18,0,18,0,0,0,0,0,,,,青海
2020-03-03,18,0,18,0,0,0,0,0,,,,青海
2020-03-04,18,0,18,0,0,0,0,0,,,,青海
2020-03-05,18,0,18,0,0,0,0,0,,,,青海
2020-03-06,18,0,18,0,0,0,0,0,,,,青海
2020-03-07,18,0,18,0,0,0,0,0,,,,青海
2020-03-08,18,0,18,0,0,0,0,0,,,,青海
2020-03-09,18,0,18,0,0,0,0,0,,,,青海
2020-03-10,18,0,18,0,0,0,0,0,,,,青海
2020-03-11,18,0,18,0,0,0,0,0,,,,青海
2020-03-12,18,0,18,0,0,0,0,0,,,,青海
2020-03-13,18,0,18,0,0,0,0,0,,,,青海
2020-03-14,18,0,18,0,0,0,0,0,,,,青海
2020-03-15,18,0,18,0,0,0,0,0,,,,青海
2020-03-16,18,0,18,0,0,0,0,0,,,,青海
2020-03-17,18,0,18,0,0,0,0,0,,,,青海
2020-03-18,18,0,18,0,0,0,0,0,,,,青海
2020-03-19,18,0,18,0,0,0,0,0,,,,青海
2020-03-20,18,0,18,0,0,0,0,0,,,,青海
2020-03-21,18,0,18,0,0,0,0,0,,,,青海
2020-03-22,18,0,18,0,0,0,0,0,,,,青海
2020-03-23,18,0,18,0,0,0,0,0,,,,青海
2020-03-24,18,0,18,0,0,0,0,0,,,,青海
2020-01-21,0,0,0,0,0,0,0,0,,,,西藏
2020-01-22,0,0,0,0,0,0,0,0,,,,西藏
2020-01-23,0,0,0,0,0,0,0,0,,,,西藏
2020-01-24,0,0,0,0,0,0,0,0,,,,西藏
2020-01-25,0,0,0,0,0,0,0,0,,,,西藏
2020-01-26,0,0,0,0,0,0,0,0,,,,西藏
2020-01-27,0,0,0,0,0,0,0,0,,,,西藏
2020-01-28,0,0,0,0,1,0,0,0,,,,西藏
2020-01-29,1,0,0,0,0,1,0,0,,,,西藏
2020-01-30,1,0,0,0,0,0,0,0,,,,西藏
2020-01-31,1,0,0,0,0,0,0,0,,,,西藏
2020-02-01,1,0,0,0,0,0,0,0,,,,西藏
2020-02-02,1,0,0,0,0,0,0,0,,,,西藏
2020-02-03,1,0,0,0,0,0,0,0,,,,西藏
2020-02-04,1,0,0,0,0,0,0,0,,,,西藏
2020-02-05,1,0,0,0,0,0,0,0,,,0.0,西藏
2020-02-06,1,0,0,0,0,0,0,0,,,0.0,西藏
2020-02-07,1,0,0,0,0,0,0,0,,,0.0,西藏
2020-02-08,1,0,0,0,0,0,0,0,,,,西藏
2020-02-09,1,0,0,0,0,0,0,0,,,,西藏
2020-02-10,1,0,0,0,0,0,0,0,,,,西藏
2020-02-11,1,0,0,0,0,0,0,0,,,,西藏
2020-02-12,1,0,1,0,0,0,0,1,,,,西藏
2020-02-13,1,0,1,0,0,0,0,0,,,,西藏
2020-02-14,1,0,1,0,0,0,0,0,,,,西藏
2020-02-15,1,0,1,0,0,0,0,0,,,,西藏
2020-02-16,1,0,1,0,0,0,0,0,,,,西藏
2020-02-17,1,0,1,0,0,0,0,0,,,,西藏
2020-02-18,1,0,1,0,0,0,0,0,,,,西藏
2020-02-19,1,0,1,0,0,0,0,0,,,,西藏
2020-02-20,1,0,1,0,0,0,0,0,,,,西藏
2020-02-21,1,0,1,0,0,0,0,0,,,,西藏
2020-02-22,1,0,1,0,0,0,0,0,,,,西藏
2020-02-23,1,0,1,0,0,0,0,0,,,,西藏
2020-02-24,1,0,1,0,0,0,0,0,,,,西藏
2020-02-25,1,0,1,0,0,0,0,0,,,,西藏
2020-02-26,1,0,1,0,0,0,0,0,,,,西藏
2020-02-27,1,0,1,0,0,0,0,0,,,,西藏
2020-02-28,1,0,1,0,0,0,0,0,,,,西藏
2020-02-29,1,0,1,0,0,0,0,0,,,,西藏
2020-03-01,1,0,1,0,0,0,0,0,,,,西藏
2020-03-02,1,0,1,0,0,0,0,0,,,,西藏
2020-03-03,1,0,1,0,0,0,0,0,,,,西藏
2020-03-04,1,0,1,0,0,0,0,0,,,,西藏
2020-03-05,1,0,1,0,0,0,0,0,,,,西藏
2020-03-07,1,0,1,0,0,0,0,0,,,,西藏
2020-03-08,1,0,1,0,0,0,0,0,,,,西藏
2020-03-09,1,0,1,0,0,0,0,0,,,,西藏
2020-03-10,1,0,1,0,0,0,0,0,,,,西藏
2020-03-11,1,0,1,0,0,0,0,0,,,,西藏
2020-03-12,1,0,1,0,0,0,0,0,,,,西藏
2020-03-13,1,0,1,0,0,0,0,0,,,,西藏
2020-03-14,1,0,1,0,0,0,0,0,,,,西藏
2020-03-15,1,0,1,0,0,0,0,0,,,,西藏
2020-03-16,1,0,1,0,0,0,0,0,,,,西藏
2020-03-17,1,0,1,0,0,0,0,0,,,,西藏
2020-03-18,1,0,1,0,0,0,0,0,,,,西藏
2020-03-19,1,0,1,0,0,0,0,0,,,,西藏
2020-03-20,1,0,1,0,0,0,0,0,,,,西藏
2020-03-21,1,0,1,0,0,0,0,0,,,,西藏
2020-03-22,1,0,1,0,0,0,0,0,,,,西藏
2020-03-23,1,0,1,0,0,0,0,0,,,,西藏
2020-03-24,1,0,1,0,0,0,0,0,,,,西藏
